condition,max_dialogue_turns,coverage_ratio
mad_judge,10,0.6583333333333333
mad_judge,11,0.525
mad_judge,12,0.6416666666666666
mad_judge,13,0.4416666666666667
mad_judge,14,0.4416666666666667
mad_judge,15,0.575
mad_judge,16,0.65
mad_judge,17,0.5083333333333333
mad_judge,18,0.6416666666666667
mad_judge,19,0.6
mad_judge,20,0.55
mad_synthesis,10,0.8583333333333334
mad_synthesis,11,0.8333333333333334
mad_synthesis,12,0.9
mad_synthesis,13,0.8333333333333334
mad_synthesis,14,0.7666666666666667
mad_synthesis,15,0.8416666666666666
mad_synthesis,16,0.5916666666666667
mad_synthesis,17,0.7666666666666667
mad_synthesis,18,0.6833333333333333
mad_synthesis,19,0.7416666666666667
mad_synthesis,20,0.8666666666666666
free_debate_synthesis,10,0.7916666666666667
free_debate_synthesis,11,1.0
free_debate_synthesis,12,0.725
free_debate_synthesis,13,0.85
free_debate_synthesis,14,0.825
free_debate_synthesis,15,0.8
free_debate_synthesis,16,0.6666666666666667
free_debate_synthesis,17,0.8416666666666666
free_debate_synthesis,18,0.7583333333333334
free_debate_synthesis,19,0.7666666666666667
free_debate_synthesis,20,0.7916666666666667
no_schema_synthesis,10,0.875
no_schema_synthesis,11,0.7916666666666667
no_schema_synthesis,12,0.8166666666666667
no_schema_synthesis,13,0.7666666666666666
no_schema_synthesis,14,0.6583333333333333
no_schema_synthesis,15,0.825
no_schema_synthesis,16,0.8416666666666666
no_schema_synthesis,17,0.6083333333333333
no_schema_synthesis,18,0.8333333333333334
no_schema_synthesis,19,0.8416666666666666
no_schema_synthesis,20,0.8166666666666667
schema_synthesis,10,0.65
schema_synthesis,11,0.6833333333333333
schema_synthesis,12,0.675
schema_synthesis,13,0.65
schema_synthesis,14,0.6166666666666667
schema_synthesis,15,0.7333333333333333
schema_synthesis,16,0.7666666666666667
schema_synthesis,17,0.5583333333333333
schema_synthesis,18,0.6166666666666667
schema_synthesis,19,0.5916666666666667
schema_synthesis,20,0.9333333333333333
