condition,max_dialogue_turns,constraint_preservation,turns_used
mad_judge,10,7.6,10.0
mad_judge,11,6.8,11.0
mad_judge,12,7.8,12.0
mad_judge,13,7.6,13.0
mad_judge,14,7.4,14.0
mad_judge,15,7.8,15.0
mad_judge,16,7.8,16.0
mad_judge,17,7.8,17.0
mad_judge,18,8.0,18.0
mad_judge,19,8.6,19.0
mad_judge,20,6.4,20.0
mad_synthesis,10,8.2,10.0
mad_synthesis,11,8.2,11.0
mad_synthesis,12,8.4,12.0
mad_synthesis,13,8.6,13.0
mad_synthesis,14,8.0,14.0
mad_synthesis,15,8.2,15.0
mad_synthesis,16,8.2,16.0
mad_synthesis,17,8.8,17.0
mad_synthesis,18,8.0,18.0
mad_synthesis,19,7.6,19.0
mad_synthesis,20,8.4,20.0
free_debate_synthesis,10,8.2,10.0
free_debate_synthesis,11,8.4,11.0
free_debate_synthesis,12,8.6,12.0
free_debate_synthesis,13,7.6,13.0
free_debate_synthesis,14,8.2,14.0
free_debate_synthesis,15,9.0,15.0
free_debate_synthesis,16,8.2,16.0
free_debate_synthesis,17,8.2,17.0
free_debate_synthesis,18,8.4,18.0
free_debate_synthesis,19,7.8,19.0
free_debate_synthesis,20,8.4,20.0
no_schema_synthesis,10,7.6,10.0
no_schema_synthesis,11,7.6,11.0
no_schema_synthesis,12,8.0,12.0
no_schema_synthesis,13,8.4,13.0
no_schema_synthesis,14,8.6,14.0
no_schema_synthesis,15,8.0,13.6
no_schema_synthesis,16,8.4,14.2
no_schema_synthesis,17,8.6,17.0
no_schema_synthesis,18,7.8,18.0
no_schema_synthesis,19,8.4,19.0
no_schema_synthesis,20,7.4,20.0
schema_synthesis,10,7.8,10.0
schema_synthesis,11,8.2,10.0
schema_synthesis,12,8.2,8.8
schema_synthesis,13,7.8,9.6
schema_synthesis,14,7.8,10.4
schema_synthesis,15,8.0,7.4
schema_synthesis,16,8.2,13.4
schema_synthesis,17,8.2,14.2
schema_synthesis,18,7.6,13.6
schema_synthesis,19,9.0,13.0
schema_synthesis,20,7.6,9.2
