max_dialogue_turns,condition,coverage_new,coverage_old
10,mad_judge,0.6583,0.6583
10,mad_synthesis,0.8583,0.8583
10,free_debate_synthesis,0.7917,0.7917
10,no_schema_synthesis,0.7,0.875
10,schema_synthesis,0.5,0.65
11,mad_judge,0.525,0.525
11,mad_synthesis,0.8333,0.8333
11,free_debate_synthesis,1.0,1.0
11,no_schema_synthesis,0.7583,0.7917
11,schema_synthesis,0.8167,0.6833
12,mad_judge,0.6417,0.6417
12,mad_synthesis,0.9,0.9
12,free_debate_synthesis,0.725,0.725
12,no_schema_synthesis,0.7083,0.8167
12,schema_synthesis,0.4583,0.675
13,mad_judge,0.4417,0.4417
13,mad_synthesis,0.8333,0.8333
13,free_debate_synthesis,0.85,0.85
13,no_schema_synthesis,0.6583,0.7667
13,schema_synthesis,0.5,0.65
14,mad_judge,0.4417,0.4417
14,mad_synthesis,0.7667,0.7667
14,free_debate_synthesis,0.825,0.825
14,no_schema_synthesis,0.7083,0.6583
14,schema_synthesis,0.7083,0.6167
15,mad_judge,0.575,0.575
15,mad_synthesis,0.8417,0.8417
15,free_debate_synthesis,0.8,0.8
15,no_schema_synthesis,0.6417,0.825
15,schema_synthesis,0.6583,0.7333
16,mad_judge,0.65,0.65
16,mad_synthesis,0.5917,0.5917
16,free_debate_synthesis,0.6667,0.6667
16,no_schema_synthesis,0.7,0.8417
16,schema_synthesis,0.6667,0.7667
17,mad_judge,0.5083,0.5083
17,mad_synthesis,0.7667,0.7667
17,free_debate_synthesis,0.8417,0.8417
17,no_schema_synthesis,0.6083,0.6083
17,schema_synthesis,0.5833,0.5583
18,mad_judge,0.6417,0.6417
18,mad_synthesis,0.6833,0.6833
18,free_debate_synthesis,0.7583,0.7583
18,no_schema_synthesis,0.7583,0.8333
18,schema_synthesis,0.6833,0.6167
19,mad_judge,0.6,0.6
19,mad_synthesis,0.7417,0.7417
19,free_debate_synthesis,0.7667,0.7667
19,no_schema_synthesis,0.7167,0.8417
19,schema_synthesis,0.625,0.5917
20,mad_judge,0.55,0.55
20,mad_synthesis,0.8667,0.8667
20,free_debate_synthesis,0.7917,0.7917
20,no_schema_synthesis,0.7417,0.8167
20,schema_synthesis,0.5667,0.9333
