max_dialogue_turns,method,n,dialogue_coverage,final_coverage,retention
10,free_debate,15,0.9364,0.7715,0.8239
10,mad,15,0.9011,0.5338,0.5925
10,no_schema,15,0.8945,0.8253,0.9226
10,schema,15,0.8211,0.7948,0.968
15,free_debate,15,0.8807,0.7988,0.9071
15,mad,15,0.9192,0.5291,0.5756
15,no_schema,15,0.8601,0.7643,0.8886
15,schema,15,0.852,0.8488,0.9963
20,free_debate,15,0.9443,0.8463,0.8961
20,mad,15,0.9454,0.5251,0.5554
20,no_schema,15,0.9102,0.8131,0.8934
20,schema,15,0.9006,0.764,0.8484
25,free_debate,15,0.9478,0.813,0.8579
25,mad,15,0.9465,0.5605,0.5922
25,no_schema,15,0.8753,0.8146,0.9306
25,schema,15,0.8985,0.8145,0.9065
30,free_debate,15,0.9171,0.8547,0.9319
30,mad,15,0.9126,0.5615,0.6153
30,no_schema,15,0.9322,0.8562,0.9185
30,schema,15,0.8883,0.8259,0.9298
