metric,method,max_dialogue_turns,n_logs,mean,ci95
still_valid_mean,free_debate,10,15,0.4262,0.0398
still_valid_mean,free_debate,15,15,0.4272,0.0314
still_valid_mean,free_debate,20,15,0.4216,0.0335
still_valid_mean,free_debate,25,15,0.434,0.0358
still_valid_mean,free_debate,30,15,0.4235,0.0436
still_valid_mean,mad,10,15,0.4045,0.0361
still_valid_mean,mad,15,15,0.4145,0.0292
still_valid_mean,mad,20,15,0.3894,0.0451
still_valid_mean,mad,25,15,0.4041,0.0326
still_valid_mean,mad,30,15,0.3638,0.0419
still_valid_mean,no_schema,10,15,0.4268,0.0401
still_valid_mean,no_schema,15,15,0.421,0.039
still_valid_mean,no_schema,20,15,0.4387,0.0474
still_valid_mean,no_schema,25,15,0.4399,0.0357
still_valid_mean,no_schema,30,15,0.459,0.0381
still_valid_mean,schema,10,15,0.4321,0.0382
still_valid_mean,schema,15,15,0.4752,0.0568
still_valid_mean,schema,20,15,0.4273,0.0365
still_valid_mean,schema,25,15,0.4511,0.0531
still_valid_mean,schema,30,15,0.4415,0.0493
still_valid_ge_0.7_rate,free_debate,10,15,0.0027,0.0052
still_valid_ge_0.7_rate,free_debate,15,15,0.0337,0.0413
still_valid_ge_0.7_rate,free_debate,20,15,0.0224,0.0258
still_valid_ge_0.7_rate,free_debate,25,15,0.0325,0.0265
still_valid_ge_0.7_rate,free_debate,30,15,0.0446,0.0729
still_valid_ge_0.7_rate,mad,10,15,0.0609,0.0411
still_valid_ge_0.7_rate,mad,15,15,0.0644,0.0565
still_valid_ge_0.7_rate,mad,20,15,0.0637,0.0365
still_valid_ge_0.7_rate,mad,25,15,0.0498,0.0378
still_valid_ge_0.7_rate,mad,30,15,0.0308,0.0361
still_valid_ge_0.7_rate,no_schema,10,15,0.0296,0.0316
still_valid_ge_0.7_rate,no_schema,15,15,0.0345,0.0373
still_valid_ge_0.7_rate,no_schema,20,15,0.0499,0.0409
still_valid_ge_0.7_rate,no_schema,25,15,0.0183,0.023
still_valid_ge_0.7_rate,no_schema,30,15,0.0532,0.0466
still_valid_ge_0.7_rate,schema,10,15,0.0453,0.0434
still_valid_ge_0.7_rate,schema,15,15,0.0798,0.0759
still_valid_ge_0.7_rate,schema,20,15,0.0405,0.0256
still_valid_ge_0.7_rate,schema,25,15,0.0471,0.0321
still_valid_ge_0.7_rate,schema,30,15,0.0525,0.051
