method,max_dialogue_turns,n,mean_used,min_used,max_used,ci95
free_debate,10,15,10,10,10,0.0
free_debate,15,15,15,15,15,0.0
free_debate,20,15,20,20,20,0.0
free_debate,25,15,25,25,25,0.0
free_debate,30,15,30,30,30,0.0
mad,10,15,10,10,10,0.0
mad,15,15,15,15,15,0.0
mad,20,15,20,20,20,0.0
mad,25,15,25,25,25,0.0
mad,30,15,30,30,30,0.0
no_schema,10,15,10,10,10,0.0
no_schema,15,15,13.67,9,15,1.17
no_schema,20,15,19.13,13,20,1.01
no_schema,25,15,25,25,25,0.0
no_schema,30,15,29.07,16,30,1.83
schema,10,15,9.73,6,10,0.52
schema,15,15,15,15,15,0.0
schema,20,15,18.8,11,20,1.6
schema,25,15,23.4,13,25,1.96
schema,30,15,29.13,17,30,1.7
