topic,method,n,mean,ci95
ALL,free_debate,75,0.8159,0.0309
ALL,mad,75,0.5546,0.0401
ALL,no_schema,75,0.8636,0.0317
ALL,schema,75,0.8242,0.0336
alternative_energy,free_debate,15,0.9072,0.0454
alternative_energy,mad,15,0.7072,0.0657
alternative_energy,no_schema,15,0.9246,0.0316
alternative_energy,schema,15,0.9101,0.0376
american_socialism,free_debate,15,0.7792,0.0356
american_socialism,mad,15,0.4792,0.0762
american_socialism,no_schema,15,0.8125,0.0802
american_socialism,schema,15,0.8000,0.0813
animal_dissection,free_debate,15,0.7815,0.0732
animal_dissection,mad,15,0.4704,0.0636
animal_dissection,no_schema,15,0.7296,0.0794
animal_dissection,schema,15,0.7296,0.0654
artificial_intelligence,free_debate,15,0.7571,0.0883
artificial_intelligence,mad,15,0.4190,0.0624
artificial_intelligence,no_schema,15,0.9238,0.0398
artificial_intelligence,schema,15,0.7905,0.0911
election_day,free_debate,15,0.8545,0.0669
election_day,mad,15,0.6970,0.0619
election_day,no_schema,15,0.9273,0.0498
election_day,schema,15,0.8909,0.0555
