evaluator,method,max_dialogue_turns,n,C_k_mean,C_k_ci95,gap_mean
nano,free_debate,10,15,3.85,0.4404,1.2833
nano,free_debate,15,15,3.7667,0.2848,1.2833
nano,free_debate,20,15,3.95,0.3388,1.0667
nano,free_debate,25,15,3.6667,0.3301,1.3167
nano,free_debate,30,15,3.7167,0.3239,1.55
nano,mad,10,15,3.55,0.4491,1.4667
nano,mad,15,15,3.5333,0.4533,1.4667
nano,mad,20,15,3.8,0.4229,1.4333
nano,mad,25,15,3.7,0.4641,1.25
nano,mad,30,15,3.85,0.5552,1.3833
nano,no_schema,10,15,4.0167,0.2927,1.2
nano,no_schema,15,15,3.95,0.4309,1.0
nano,no_schema,20,15,3.8,0.3488,1.3167
nano,no_schema,25,15,4.0,0.2869,1.1333
nano,no_schema,30,15,4.0,0.3024,1.0333
nano,schema,10,15,3.8667,0.43,1.1167
nano,schema,15,15,3.9,0.3442,1.4
nano,schema,20,15,4.25,0.2948,0.8
nano,schema,25,15,4.05,0.2755,0.95
nano,schema,30,15,3.5833,0.3568,1.6167
mini,free_debate,10,15,3.8833,0.3477,1.4167
mini,free_debate,15,15,3.75,0.4829,1.4333
mini,free_debate,20,15,3.5167,0.3397,1.1167
mini,free_debate,25,15,3.7833,0.3239,1.3
mini,free_debate,30,15,3.6167,0.3792,1.4333
mini,mad,10,15,2.6667,0.2816,1.3167
mini,mad,15,15,2.7167,0.4706,1.1667
mini,mad,20,15,2.4667,0.2783,1.6333
mini,mad,25,15,2.7333,0.429,1.5333
mini,mad,30,15,2.8,0.3648,2.0833
mini,no_schema,10,15,3.45,0.3388,1.5333
mini,no_schema,15,15,3.85,0.4218,1.15
mini,no_schema,20,15,3.45,0.3179,1.4667
mini,no_schema,25,15,3.7167,0.4054,1.5
mini,no_schema,30,15,3.4,0.3937,1.15
mini,schema,10,15,3.6667,0.4774,1.3167
mini,schema,15,15,3.8667,0.4779,1.2833
mini,schema,20,15,3.6333,0.37,1.1667
mini,schema,25,15,3.4333,0.5026,1.3167
mini,schema,30,15,3.5333,0.5815,1.7
