topic,method,agent,item,mean,sd,ci95,n
abortion,free_debate,AG1,1,5.2,0.8366600265340756,0.7333648478076925,5
abortion,free_debate,AG1,2,2.8,0.4472135954999579,0.39199999999999996,5
abortion,free_debate,AG1,3,2.0,0.0,0.0,5
abortion,free_debate,AG1,4,4.6,0.5477225575051661,0.4800999895855029,5
abortion,free_debate,AG1,5,2.0,0.0,0.0,5
abortion,free_debate,AG1,6,4.4,0.5477225575051661,0.4800999895855029,5
abortion,free_debate,AG1,7,5.8,0.4472135954999579,0.39199999999999996,5
abortion,free_debate,AG1,8,4.4,0.5477225575051661,0.4800999895855029,5
abortion,free_debate,AG1,9,2.2,0.4472135954999579,0.39199999999999996,5
abortion,free_debate,AG1,10,3.0,0.0,0.0,5
abortion,free_debate,AG1,11,2.8,0.4472135954999579,0.39199999999999996,5
abortion,free_debate,AG1,12,2.2,0.4472135954999579,0.39199999999999996,5
abortion,free_debate,AG1,13,2.4,0.5477225575051661,0.4800999895855029,5
abortion,free_debate,AG1,14,2.0,0.0,0.0,5
abortion,free_debate,AG1,15,2.0,0.0,0.0,5
abortion,free_debate,AG1,16,2.0,0.0,0.0,5
abortion,free_debate,AG2,1,2.0,0.7071067811865476,0.6198064213930023,5
abortion,free_debate,AG2,2,1.2,0.4472135954999579,0.39199999999999996,5
abortion,free_debate,AG2,3,4.2,0.4472135954999579,0.39199999999999996,5
abortion,free_debate,AG2,4,2.0,0.7071067811865476,0.6198064213930023,5
abortion,free_debate,AG2,5,3.0,0.7071067811865476,0.6198064213930023,5
abortion,free_debate,AG2,6,3.6,0.5477225575051661,0.4800999895855029,5
abortion,free_debate,AG2,7,5.8,0.4472135954999579,0.39199999999999996,5
abortion,free_debate,AG2,8,2.2,0.4472135954999579,0.39199999999999996,5
abortion,free_debate,AG2,9,2.2,0.4472135954999579,0.39199999999999996,5
abortion,free_debate,AG2,10,2.4,0.5477225575051661,0.4800999895855029,5
abortion,free_debate,AG2,11,1.6,0.5477225575051661,0.4800999895855029,5
abortion,free_debate,AG2,12,2.2,0.4472135954999579,0.39199999999999996,5
abortion,free_debate,AG2,13,2.6,0.5477225575051661,0.4800999895855029,5
abortion,free_debate,AG2,14,2.0,0.0,0.0,5
abortion,free_debate,AG2,15,2.2,0.4472135954999579,0.39199999999999996,5
abortion,free_debate,AG2,16,2.0,0.0,0.0,5
abortion,mad,AG1,1,4.0,2.0,1.753077294359835,5
abortion,mad,AG1,2,4.2,1.3038404810405297,1.1428665713896788,5
abortion,mad,AG1,3,2.0,1.224744871391589,1.0735362127101253,5
abortion,mad,AG1,4,3.6,1.140175425099138,0.9994078246641858,5
abortion,mad,AG1,5,2.0,0.7071067811865476,0.6198064213930023,5
abortion,mad,AG1,6,4.8,1.3038404810405297,1.1428665713896788,5
abortion,mad,AG1,7,5.8,0.4472135954999579,0.39199999999999996,5
abortion,mad,AG1,8,4.6,1.51657508881031,1.3293366766925523,5
abortion,mad,AG1,9,2.4,0.5477225575051661,0.4800999895855029,5
abortion,mad,AG1,10,2.8,0.4472135954999579,0.39199999999999996,5
abortion,mad,AG1,11,4.0,1.224744871391589,1.0735362127101253,5
abortion,mad,AG1,12,2.4,0.5477225575051661,0.4800999895855029,5
abortion,mad,AG1,13,2.0,0.0,0.0,5
abortion,mad,AG1,14,2.2,0.4472135954999579,0.39199999999999996,5
abortion,mad,AG1,15,2.2,0.4472135954999579,0.39199999999999996,5
abortion,mad,AG1,16,2.2,0.4472135954999579,0.39199999999999996,5
abortion,mad,AG2,1,2.8,2.3874672772626644,2.092707337398137,5
abortion,mad,AG2,2,1.4,0.5477225575051661,0.4800999895855029,5
abortion,mad,AG2,3,3.8,0.4472135954999579,0.39199999999999996,5
abortion,mad,AG2,4,1.8,0.4472135954999579,0.39199999999999996,5
abortion,mad,AG2,5,2.4,0.8944271909999159,0.7839999999999999,5
abortion,mad,AG2,6,3.4,0.5477225575051661,0.4800999895855029,5
abortion,mad,AG2,7,6.0,0.7071067811865476,0.6198064213930023,5
abortion,mad,AG2,8,1.6,0.5477225575051661,0.4800999895855029,5
abortion,mad,AG2,9,2.0,0.0,0.0,5
abortion,mad,AG2,10,2.4,0.5477225575051661,0.4800999895855029,5
abortion,mad,AG2,11,1.8,0.4472135954999579,0.39199999999999996,5
abortion,mad,AG2,12,2.0,0.0,0.0,5
abortion,mad,AG2,13,2.2,0.4472135954999579,0.39199999999999996,5
abortion,mad,AG2,14,2.0,0.0,0.0,5
abortion,mad,AG2,15,2.0,0.0,0.0,5
abortion,mad,AG2,16,2.0,0.7071067811865476,0.6198064213930023,5
abortion,no_schema,AG1,1,4.4,0.8944271909999159,0.7839999999999999,5
abortion,no_schema,AG1,2,3.2,0.8366600265340756,0.7333648478076925,5
abortion,no_schema,AG1,3,2.2,0.4472135954999579,0.39199999999999996,5
abortion,no_schema,AG1,4,3.8,0.4472135954999579,0.39199999999999996,5
abortion,no_schema,AG1,5,2.0,0.0,0.0,5
abortion,no_schema,AG1,6,5.2,1.0954451150103321,0.9601999791710057,5
abortion,no_schema,AG1,7,5.4,0.5477225575051661,0.4800999895855029,5
abortion,no_schema,AG1,8,4.0,0.0,0.0,5
abortion,no_schema,AG1,9,2.0,0.0,0.0,5
abortion,no_schema,AG1,10,3.0,0.0,0.0,5
abortion,no_schema,AG1,11,3.0,0.7071067811865476,0.6198064213930023,5
abortion,no_schema,AG1,12,2.2,0.4472135954999579,0.39199999999999996,5
abortion,no_schema,AG1,13,2.8,0.4472135954999579,0.39199999999999996,5
abortion,no_schema,AG1,14,2.6,0.5477225575051661,0.4800999895855029,5
abortion,no_schema,AG1,15,2.0,0.0,0.0,5
abortion,no_schema,AG1,16,2.6,0.5477225575051661,0.4800999895855029,5
abortion,no_schema,AG2,1,2.6,1.51657508881031,1.3293366766925523,5
abortion,no_schema,AG2,2,2.0,0.7071067811865476,0.6198064213930023,5
abortion,no_schema,AG2,3,3.0,0.7071067811865476,0.6198064213930023,5
abortion,no_schema,AG2,4,2.0,0.7071067811865476,0.6198064213930023,5
abortion,no_schema,AG2,5,2.6,0.5477225575051661,0.4800999895855029,5
abortion,no_schema,AG2,6,3.6,0.5477225575051661,0.4800999895855029,5
abortion,no_schema,AG2,7,4.8,1.3038404810405297,1.1428665713896788,5
abortion,no_schema,AG2,8,2.2,0.4472135954999579,0.39199999999999996,5
abortion,no_schema,AG2,9,2.2,0.4472135954999579,0.39199999999999996,5
abortion,no_schema,AG2,10,2.2,0.4472135954999579,0.39199999999999996,5
abortion,no_schema,AG2,11,2.0,0.7071067811865476,0.6198064213930023,5
abortion,no_schema,AG2,12,2.2,0.4472135954999579,0.39199999999999996,5
abortion,no_schema,AG2,13,2.4,0.5477225575051661,0.4800999895855029,5
abortion,no_schema,AG2,14,2.4,0.8944271909999159,0.7839999999999999,5
abortion,no_schema,AG2,15,2.2,0.4472135954999579,0.39199999999999996,5
abortion,no_schema,AG2,16,2.6,0.8944271909999159,0.7839999999999999,5
abortion,schema,AG1,1,3.8,1.9235384061671346,1.6860557523403548,5
abortion,schema,AG1,2,2.8,1.4832396974191326,1.3001169178193166,5
abortion,schema,AG1,3,3.0,1.5811388300841898,1.3859292911256331,5
abortion,schema,AG1,4,3.4,0.8944271909999159,0.7839999999999999,5
abortion,schema,AG1,5,2.0,0.7071067811865476,0.6198064213930023,5
abortion,schema,AG1,6,4.2,1.0954451150103321,0.9601999791710057,5
abortion,schema,AG1,7,4.6,1.949358868961793,1.708688385867944,5
abortion,schema,AG1,8,3.4,1.140175425099138,0.9994078246641858,5
abortion,schema,AG1,9,2.4,0.5477225575051661,0.4800999895855029,5
abortion,schema,AG1,10,2.6,0.5477225575051661,0.4800999895855029,5
abortion,schema,AG1,11,2.6,1.140175425099138,0.9994078246641858,5
abortion,schema,AG1,12,2.0,0.0,0.0,5
abortion,schema,AG1,13,2.4,0.5477225575051661,0.4800999895855029,5
abortion,schema,AG1,14,2.2,0.4472135954999579,0.39199999999999996,5
abortion,schema,AG1,15,2.0,0.0,0.0,5
abortion,schema,AG1,16,2.0,0.0,0.0,5
abortion,schema,AG2,1,2.8,1.4832396974191326,1.3001169178193166,5
abortion,schema,AG2,2,2.2,0.4472135954999579,0.39199999999999996,5
abortion,schema,AG2,3,3.0,1.224744871391589,1.0735362127101253,5
abortion,schema,AG2,4,2.8,0.8366600265340756,0.7333648478076925,5
abortion,schema,AG2,5,2.0,0.7071067811865476,0.6198064213930023,5
abortion,schema,AG2,6,4.0,0.0,0.0,5
abortion,schema,AG2,7,5.6,0.5477225575051661,0.4800999895855029,5
abortion,schema,AG2,8,3.4,0.5477225575051661,0.4800999895855029,5
abortion,schema,AG2,9,2.0,0.0,0.0,5
abortion,schema,AG2,10,2.2,0.4472135954999579,0.39199999999999996,5
abortion,schema,AG2,11,2.4,0.8944271909999159,0.7839999999999999,5
abortion,schema,AG2,12,2.0,0.0,0.0,5
abortion,schema,AG2,13,2.4,0.5477225575051661,0.4800999895855029,5
abortion,schema,AG2,14,2.2,0.4472135954999579,0.39199999999999996,5
abortion,schema,AG2,15,2.0,0.0,0.0,5
abortion,schema,AG2,16,2.0,0.7071067811865476,0.6198064213930023,5
alternative_energy,free_debate,AG1,1,4.0,1.224744871391589,1.0735362127101253,5
alternative_energy,free_debate,AG1,2,2.2,0.4472135954999579,0.39199999999999996,5
alternative_energy,free_debate,AG1,3,2.2,0.4472135954999579,0.39199999999999996,5
alternative_energy,free_debate,AG1,4,3.8,0.4472135954999579,0.39199999999999996,5
alternative_energy,free_debate,AG1,5,1.6,0.5477225575051661,0.4800999895855029,5
alternative_energy,free_debate,AG1,6,3.8,0.4472135954999579,0.39199999999999996,5
alternative_energy,free_debate,AG1,7,5.4,0.5477225575051661,0.4800999895855029,5
alternative_energy,free_debate,AG1,8,3.6,0.5477225575051661,0.4800999895855029,5
alternative_energy,free_debate,AG1,9,2.6,0.5477225575051661,0.4800999895855029,5
alternative_energy,free_debate,AG1,10,3.4,0.5477225575051661,0.4800999895855029,5
alternative_energy,free_debate,AG1,11,2.6,0.8944271909999159,0.7839999999999999,5
alternative_energy,free_debate,AG1,12,2.4,0.5477225575051661,0.4800999895855029,5
alternative_energy,free_debate,AG1,13,2.8,0.4472135954999579,0.39199999999999996,5
alternative_energy,free_debate,AG1,14,3.2,0.4472135954999579,0.39199999999999996,5
alternative_energy,free_debate,AG1,15,2.6,0.5477225575051661,0.4800999895855029,5
alternative_energy,free_debate,AG1,16,3.0,0.0,0.0,5
alternative_energy,free_debate,AG2,1,4.0,0.7071067811865476,0.6198064213930023,5
alternative_energy,free_debate,AG2,2,3.8,0.8366600265340756,0.7333648478076925,5
alternative_energy,free_debate,AG2,3,2.2,0.4472135954999579,0.39199999999999996,5
alternative_energy,free_debate,AG2,4,4.2,0.4472135954999579,0.39199999999999996,5
alternative_energy,free_debate,AG2,5,2.2,0.4472135954999579,0.39199999999999996,5
alternative_energy,free_debate,AG2,6,3.8,0.4472135954999579,0.39199999999999996,5
alternative_energy,free_debate,AG2,7,5.2,0.8366600265340756,0.7333648478076925,5
alternative_energy,free_debate,AG2,8,3.8,0.4472135954999579,0.39199999999999996,5
alternative_energy,free_debate,AG2,9,2.6,0.5477225575051661,0.4800999895855029,5
alternative_energy,free_debate,AG2,10,3.6,0.5477225575051661,0.4800999895855029,5
alternative_energy,free_debate,AG2,11,2.6,0.5477225575051661,0.4800999895855029,5
alternative_energy,free_debate,AG2,12,2.6,0.5477225575051661,0.4800999895855029,5
alternative_energy,free_debate,AG2,13,3.0,0.0,0.0,5
alternative_energy,free_debate,AG2,14,3.2,0.4472135954999579,0.39199999999999996,5
alternative_energy,free_debate,AG2,15,3.0,0.0,0.0,5
alternative_energy,free_debate,AG2,16,3.2,0.4472135954999579,0.39199999999999996,5
alternative_energy,mad,AG1,1,4.0,1.0,0.8765386471799175,5
alternative_energy,mad,AG1,2,2.8,0.8366600265340756,0.7333648478076925,5
alternative_energy,mad,AG1,3,2.0,0.0,0.0,5
alternative_energy,mad,AG1,4,3.8,0.8366600265340756,0.7333648478076925,5
alternative_energy,mad,AG1,5,2.0,0.0,0.0,5
alternative_energy,mad,AG1,6,4.2,1.0954451150103321,0.9601999791710057,5
alternative_energy,mad,AG1,7,5.0,1.0,0.8765386471799175,5
alternative_energy,mad,AG1,8,4.2,0.4472135954999579,0.39199999999999996,5
alternative_energy,mad,AG1,9,2.4,0.5477225575051661,0.4800999895855029,5
alternative_energy,mad,AG1,10,3.2,0.4472135954999579,0.39199999999999996,5
alternative_energy,mad,AG1,11,3.0,0.7071067811865476,0.6198064213930023,5
alternative_energy,mad,AG1,12,2.4,0.5477225575051661,0.4800999895855029,5
alternative_energy,mad,AG1,13,2.8,0.4472135954999579,0.39199999999999996,5
alternative_energy,mad,AG1,14,3.2,0.4472135954999579,0.39199999999999996,5
alternative_energy,mad,AG1,15,2.8,0.8366600265340756,0.7333648478076925,5
alternative_energy,mad,AG1,16,3.2,0.4472135954999579,0.39199999999999996,5
alternative_energy,mad,AG2,1,3.2,1.3038404810405297,1.1428665713896788,5
alternative_energy,mad,AG2,2,2.6,1.140175425099138,0.9994078246641858,5
alternative_energy,mad,AG2,3,2.6,0.8944271909999159,0.7839999999999999,5
alternative_energy,mad,AG2,4,3.4,0.8944271909999159,0.7839999999999999,5
alternative_energy,mad,AG2,5,2.0,0.0,0.0,5
alternative_energy,mad,AG2,6,3.4,0.5477225575051661,0.4800999895855029,5
alternative_energy,mad,AG2,7,4.8,0.4472135954999579,0.39199999999999996,5
alternative_energy,mad,AG2,8,3.0,1.0,0.8765386471799175,5
alternative_energy,mad,AG2,9,2.4,0.5477225575051661,0.4800999895855029,5
alternative_energy,mad,AG2,10,2.8,0.4472135954999579,0.39199999999999996,5
alternative_energy,mad,AG2,11,2.4,0.5477225575051661,0.4800999895855029,5
alternative_energy,mad,AG2,12,2.6,0.5477225575051661,0.4800999895855029,5
alternative_energy,mad,AG2,13,3.6,0.5477225575051661,0.4800999895855029,5
alternative_energy,mad,AG2,14,2.6,0.5477225575051661,0.4800999895855029,5
alternative_energy,mad,AG2,15,2.4,0.5477225575051661,0.4800999895855029,5
alternative_energy,mad,AG2,16,2.8,0.4472135954999579,0.39199999999999996,5
alternative_energy,no_schema,AG1,1,4.6,0.5477225575051661,0.4800999895855029,5
alternative_energy,no_schema,AG1,2,3.8,0.4472135954999579,0.39199999999999996,5
alternative_energy,no_schema,AG1,3,2.0,0.0,0.0,5
alternative_energy,no_schema,AG1,4,5.0,0.7071067811865476,0.6198064213930023,5
alternative_energy,no_schema,AG1,5,2.0,0.0,0.0,5
alternative_energy,no_schema,AG1,6,5.0,1.0,0.8765386471799175,5
alternative_energy,no_schema,AG1,7,5.6,0.5477225575051661,0.4800999895855029,5
alternative_energy,no_schema,AG1,8,4.0,0.0,0.0,5
alternative_energy,no_schema,AG1,9,3.0,0.7071067811865476,0.6198064213930023,5
alternative_energy,no_schema,AG1,10,3.6,0.5477225575051661,0.4800999895855029,5
alternative_energy,no_schema,AG1,11,3.8,0.4472135954999579,0.39199999999999996,5
alternative_energy,no_schema,AG1,12,3.2,0.8366600265340756,0.7333648478076925,5
alternative_energy,no_schema,AG1,13,3.4,0.5477225575051661,0.4800999895855029,5
alternative_energy,no_schema,AG1,14,3.6,0.5477225575051661,0.4800999895855029,5
alternative_energy,no_schema,AG1,15,3.2,0.8366600265340756,0.7333648478076925,5
alternative_energy,no_schema,AG1,16,3.8,0.4472135954999579,0.39199999999999996,5
alternative_energy,no_schema,AG2,1,2.6,0.5477225575051661,0.4800999895855029,5
alternative_energy,no_schema,AG2,2,2.2,0.4472135954999579,0.39199999999999996,5
alternative_energy,no_schema,AG2,3,2.2,0.4472135954999579,0.39199999999999996,5
alternative_energy,no_schema,AG2,4,3.2,0.4472135954999579,0.39199999999999996,5
alternative_energy,no_schema,AG2,5,2.0,0.0,0.0,5
alternative_energy,no_schema,AG2,6,3.6,0.5477225575051661,0.4800999895855029,5
alternative_energy,no_schema,AG2,7,4.2,0.4472135954999579,0.39199999999999996,5
alternative_energy,no_schema,AG2,8,2.6,0.5477225575051661,0.4800999895855029,5
alternative_energy,no_schema,AG2,9,2.8,0.4472135954999579,0.39199999999999996,5
alternative_energy,no_schema,AG2,10,3.0,0.0,0.0,5
alternative_energy,no_schema,AG2,11,2.8,0.8366600265340756,0.7333648478076925,5
alternative_energy,no_schema,AG2,12,2.6,0.5477225575051661,0.4800999895855029,5
alternative_energy,no_schema,AG2,13,3.0,0.7071067811865476,0.6198064213930023,5
alternative_energy,no_schema,AG2,14,3.0,0.0,0.0,5
alternative_energy,no_schema,AG2,15,2.6,0.5477225575051661,0.4800999895855029,5
alternative_energy,no_schema,AG2,16,3.0,0.0,0.0,5
alternative_energy,schema,AG1,1,3.8,1.6431676725154984,1.4402999687565088,5
alternative_energy,schema,AG1,2,3.0,1.4142135623730951,1.2396128427860047,5
alternative_energy,schema,AG1,3,2.2,0.4472135954999579,0.39199999999999996,5
alternative_energy,schema,AG1,4,3.8,1.3038404810405297,1.1428665713896788,5
alternative_energy,schema,AG1,5,1.8,0.4472135954999579,0.39199999999999996,5
alternative_energy,schema,AG1,6,4.4,0.8944271909999159,0.7839999999999999,5
alternative_energy,schema,AG1,7,5.8,0.4472135954999579,0.39199999999999996,5
alternative_energy,schema,AG1,8,3.6,1.140175425099138,0.9994078246641858,5
alternative_energy,schema,AG1,9,2.8,0.4472135954999579,0.39199999999999996,5
alternative_energy,schema,AG1,10,3.2,0.8366600265340756,0.7333648478076925,5
alternative_energy,schema,AG1,11,3.2,0.8366600265340756,0.7333648478076925,5
alternative_energy,schema,AG1,12,2.6,0.5477225575051661,0.4800999895855029,5
alternative_energy,schema,AG1,13,2.8,0.4472135954999579,0.39199999999999996,5
alternative_energy,schema,AG1,14,3.4,0.5477225575051661,0.4800999895855029,5
alternative_energy,schema,AG1,15,2.8,0.8366600265340756,0.7333648478076925,5
alternative_energy,schema,AG1,16,3.4,0.5477225575051661,0.4800999895855029,5
alternative_energy,schema,AG2,1,4.4,1.3416407864998738,1.176,5
alternative_energy,schema,AG2,2,3.4,1.3416407864998738,1.176,5
alternative_energy,schema,AG2,3,2.6,0.8944271909999159,0.7839999999999999,5
alternative_energy,schema,AG2,4,4.0,0.7071067811865476,0.6198064213930023,5
alternative_energy,schema,AG2,5,1.8,0.4472135954999579,0.39199999999999996,5
alternative_energy,schema,AG2,6,4.0,0.0,0.0,5
alternative_energy,schema,AG2,7,5.8,0.4472135954999579,0.39199999999999996,5
alternative_energy,schema,AG2,8,3.4,0.5477225575051661,0.4800999895855029,5
alternative_energy,schema,AG2,9,2.6,0.5477225575051661,0.4800999895855029,5
alternative_energy,schema,AG2,10,3.4,0.5477225575051661,0.4800999895855029,5
alternative_energy,schema,AG2,11,3.2,0.8366600265340756,0.7333648478076925,5
alternative_energy,schema,AG2,12,2.4,0.5477225575051661,0.4800999895855029,5
alternative_energy,schema,AG2,13,2.8,0.4472135954999579,0.39199999999999996,5
alternative_energy,schema,AG2,14,3.0,0.0,0.0,5
alternative_energy,schema,AG2,15,2.6,0.8944271909999159,0.7839999999999999,5
alternative_energy,schema,AG2,16,3.2,0.4472135954999579,0.39199999999999996,5
american_socialism,free_debate,AG1,1,4.2,1.3038404810405297,1.1428665713896788,5
american_socialism,free_debate,AG1,2,4.2,1.6431676725154984,1.4402999687565088,5
american_socialism,free_debate,AG1,3,2.2,0.4472135954999579,0.39199999999999996,5
american_socialism,free_debate,AG1,4,4.0,1.224744871391589,1.0735362127101253,5
american_socialism,free_debate,AG1,5,2.0,0.0,0.0,5
american_socialism,free_debate,AG1,6,4.0,0.7071067811865476,0.6198064213930023,5
american_socialism,free_debate,AG1,7,5.6,0.5477225575051661,0.4800999895855029,5
american_socialism,free_debate,AG1,8,3.6,1.140175425099138,0.9994078246641858,5
american_socialism,free_debate,AG1,9,2.8,0.4472135954999579,0.39199999999999996,5
american_socialism,free_debate,AG1,10,3.6,0.5477225575051661,0.4800999895855029,5
american_socialism,free_debate,AG1,11,3.6,1.140175425099138,0.9994078246641858,5
american_socialism,free_debate,AG1,12,2.6,0.5477225575051661,0.4800999895855029,5
american_socialism,free_debate,AG1,13,2.6,0.5477225575051661,0.4800999895855029,5
american_socialism,free_debate,AG1,14,2.2,0.4472135954999579,0.39199999999999996,5
american_socialism,free_debate,AG1,15,2.0,0.0,0.0,5
american_socialism,free_debate,AG1,16,2.4,0.5477225575051661,0.4800999895855029,5
american_socialism,free_debate,AG2,1,5.8,0.4472135954999579,0.39199999999999996,5
american_socialism,free_debate,AG2,2,5.2,0.8366600265340756,0.7333648478076925,5
american_socialism,free_debate,AG2,3,2.0,0.0,0.0,5
american_socialism,free_debate,AG2,4,5.6,0.5477225575051661,0.4800999895855029,5
american_socialism,free_debate,AG2,5,1.8,0.4472135954999579,0.39199999999999996,5
american_socialism,free_debate,AG2,6,5.0,1.4142135623730951,1.2396128427860047,5
american_socialism,free_debate,AG2,7,6.0,0.0,0.0,5
american_socialism,free_debate,AG2,8,4.0,0.0,0.0,5
american_socialism,free_debate,AG2,9,2.6,0.5477225575051661,0.4800999895855029,5
american_socialism,free_debate,AG2,10,3.4,0.5477225575051661,0.4800999895855029,5
american_socialism,free_debate,AG2,11,3.8,0.4472135954999579,0.39199999999999996,5
american_socialism,free_debate,AG2,12,2.4,0.5477225575051661,0.4800999895855029,5
american_socialism,free_debate,AG2,13,2.4,0.5477225575051661,0.4800999895855029,5
american_socialism,free_debate,AG2,14,2.8,0.4472135954999579,0.39199999999999996,5
american_socialism,free_debate,AG2,15,2.2,0.4472135954999579,0.39199999999999996,5
american_socialism,free_debate,AG2,16,2.6,0.5477225575051661,0.4800999895855029,5
american_socialism,mad,AG1,1,4.4,0.5477225575051661,0.4800999895855029,5
american_socialism,mad,AG1,2,3.2,0.4472135954999579,0.39199999999999996,5
american_socialism,mad,AG1,3,2.6,1.140175425099138,0.9994078246641858,5
american_socialism,mad,AG1,4,3.8,0.8366600265340756,0.7333648478076925,5
american_socialism,mad,AG1,5,2.0,0.0,0.0,5
american_socialism,mad,AG1,6,3.8,0.4472135954999579,0.39199999999999996,5
american_socialism,mad,AG1,7,5.2,0.8366600265340756,0.7333648478076925,5
american_socialism,mad,AG1,8,3.4,0.8944271909999159,0.7839999999999999,5
american_socialism,mad,AG1,9,2.6,0.5477225575051661,0.4800999895855029,5
american_socialism,mad,AG1,10,3.0,0.0,0.0,5
american_socialism,mad,AG1,11,2.8,0.8366600265340756,0.7333648478076925,5
american_socialism,mad,AG1,12,2.0,0.0,0.0,5
american_socialism,mad,AG1,13,2.2,0.4472135954999579,0.39199999999999996,5
american_socialism,mad,AG1,14,2.4,0.5477225575051661,0.4800999895855029,5
american_socialism,mad,AG1,15,2.4,0.5477225575051661,0.4800999895855029,5
american_socialism,mad,AG1,16,2.4,0.5477225575051661,0.4800999895855029,5
american_socialism,mad,AG2,1,4.8,0.8366600265340756,0.7333648478076925,5
american_socialism,mad,AG2,2,4.0,0.7071067811865476,0.6198064213930023,5
american_socialism,mad,AG2,3,2.0,0.7071067811865476,0.6198064213930023,5
american_socialism,mad,AG2,4,4.6,0.5477225575051661,0.4800999895855029,5
american_socialism,mad,AG2,5,1.6,0.5477225575051661,0.4800999895855029,5
american_socialism,mad,AG2,6,4.2,0.4472135954999579,0.39199999999999996,5
american_socialism,mad,AG2,7,5.8,0.4472135954999579,0.39199999999999996,5
american_socialism,mad,AG2,8,4.4,0.8944271909999159,0.7839999999999999,5
american_socialism,mad,AG2,9,2.6,0.5477225575051661,0.4800999895855029,5
american_socialism,mad,AG2,10,3.2,0.4472135954999579,0.39199999999999996,5
american_socialism,mad,AG2,11,2.8,0.8366600265340756,0.7333648478076925,5
american_socialism,mad,AG2,12,2.6,0.5477225575051661,0.4800999895855029,5
american_socialism,mad,AG2,13,2.4,0.5477225575051661,0.4800999895855029,5
american_socialism,mad,AG2,14,2.4,0.5477225575051661,0.4800999895855029,5
american_socialism,mad,AG2,15,2.8,0.4472135954999579,0.39199999999999996,5
american_socialism,mad,AG2,16,2.8,0.4472135954999579,0.39199999999999996,5
american_socialism,no_schema,AG1,1,5.2,0.4472135954999579,0.39199999999999996,5
american_socialism,no_schema,AG1,2,4.4,0.5477225575051661,0.4800999895855029,5
american_socialism,no_schema,AG1,3,2.0,0.0,0.0,5
american_socialism,no_schema,AG1,4,4.8,0.8366600265340756,0.7333648478076925,5
american_socialism,no_schema,AG1,5,2.0,0.0,0.0,5
american_socialism,no_schema,AG1,6,5.0,1.0,0.8765386471799175,5
american_socialism,no_schema,AG1,7,5.8,0.4472135954999579,0.39199999999999996,5
american_socialism,no_schema,AG1,8,4.8,0.4472135954999579,0.39199999999999996,5
american_socialism,no_schema,AG1,9,3.0,0.0,0.0,5
american_socialism,no_schema,AG1,10,3.8,0.4472135954999579,0.39199999999999996,5
american_socialism,no_schema,AG1,11,4.2,0.4472135954999579,0.39199999999999996,5
american_socialism,no_schema,AG1,12,3.4,0.5477225575051661,0.4800999895855029,5
american_socialism,no_schema,AG1,13,3.6,0.5477225575051661,0.4800999895855029,5
american_socialism,no_schema,AG1,14,3.8,0.4472135954999579,0.39199999999999996,5
american_socialism,no_schema,AG1,15,2.8,0.4472135954999579,0.39199999999999996,5
american_socialism,no_schema,AG1,16,3.8,0.4472135954999579,0.39199999999999996,5
american_socialism,no_schema,AG2,1,4.0,1.0,0.8765386471799175,5
american_socialism,no_schema,AG2,2,3.2,0.8366600265340756,0.7333648478076925,5
american_socialism,no_schema,AG2,3,2.4,1.140175425099138,0.9994078246641858,5
american_socialism,no_schema,AG2,4,4.4,0.5477225575051661,0.4800999895855029,5
american_socialism,no_schema,AG2,5,1.8,0.4472135954999579,0.39199999999999996,5
american_socialism,no_schema,AG2,6,4.4,0.8944271909999159,0.7839999999999999,5
american_socialism,no_schema,AG2,7,5.2,0.8366600265340756,0.7333648478076925,5
american_socialism,no_schema,AG2,8,3.4,0.5477225575051661,0.4800999895855029,5
american_socialism,no_schema,AG2,9,3.2,0.4472135954999579,0.39199999999999996,5
american_socialism,no_schema,AG2,10,3.8,0.4472135954999579,0.39199999999999996,5
american_socialism,no_schema,AG2,11,4.0,0.7071067811865476,0.6198064213930023,5
american_socialism,no_schema,AG2,12,3.2,0.4472135954999579,0.39199999999999996,5
american_socialism,no_schema,AG2,13,3.4,0.5477225575051661,0.4800999895855029,5
american_socialism,no_schema,AG2,14,3.0,0.7071067811865476,0.6198064213930023,5
american_socialism,no_schema,AG2,15,2.8,0.4472135954999579,0.39199999999999996,5
american_socialism,no_schema,AG2,16,3.6,0.5477225575051661,0.4800999895855029,5
american_socialism,schema,AG1,1,5.0,0.7071067811865476,0.6198064213930023,5
american_socialism,schema,AG1,2,4.2,0.4472135954999579,0.39199999999999996,5
american_socialism,schema,AG1,3,1.8,0.4472135954999579,0.39199999999999996,5
american_socialism,schema,AG1,4,4.4,0.5477225575051661,0.4800999895855029,5
american_socialism,schema,AG1,5,2.0,0.0,0.0,5
american_socialism,schema,AG1,6,4.6,0.8944271909999159,0.7839999999999999,5
american_socialism,schema,AG1,7,5.8,0.4472135954999579,0.39199999999999996,5
american_socialism,schema,AG1,8,4.6,0.8944271909999159,0.7839999999999999,5
american_socialism,schema,AG1,9,2.8,0.4472135954999579,0.39199999999999996,5
american_socialism,schema,AG1,10,3.8,0.4472135954999579,0.39199999999999996,5
american_socialism,schema,AG1,11,3.8,0.4472135954999579,0.39199999999999996,5
american_socialism,schema,AG1,12,3.0,0.7071067811865476,0.6198064213930023,5
american_socialism,schema,AG1,13,3.6,0.5477225575051661,0.4800999895855029,5
american_socialism,schema,AG1,14,3.6,0.5477225575051661,0.4800999895855029,5
american_socialism,schema,AG1,15,3.4,0.8944271909999159,0.7839999999999999,5
american_socialism,schema,AG1,16,4.0,0.7071067811865476,0.6198064213930023,5
american_socialism,schema,AG2,1,3.8,1.3038404810405297,1.1428665713896788,5
american_socialism,schema,AG2,2,3.0,1.0,0.8765386471799175,5
american_socialism,schema,AG2,3,2.6,0.5477225575051661,0.4800999895855029,5
american_socialism,schema,AG2,4,4.0,0.7071067811865476,0.6198064213930023,5
american_socialism,schema,AG2,5,2.2,0.4472135954999579,0.39199999999999996,5
american_socialism,schema,AG2,6,4.0,0.0,0.0,5
american_socialism,schema,AG2,7,5.8,0.4472135954999579,0.39199999999999996,5
american_socialism,schema,AG2,8,3.4,0.8944271909999159,0.7839999999999999,5
american_socialism,schema,AG2,9,2.6,0.8944271909999159,0.7839999999999999,5
american_socialism,schema,AG2,10,3.4,0.5477225575051661,0.4800999895855029,5
american_socialism,schema,AG2,11,3.0,0.7071067811865476,0.6198064213930023,5
american_socialism,schema,AG2,12,2.6,0.5477225575051661,0.4800999895855029,5
american_socialism,schema,AG2,13,2.8,0.8366600265340756,0.7333648478076925,5
american_socialism,schema,AG2,14,3.2,0.4472135954999579,0.39199999999999996,5
american_socialism,schema,AG2,15,2.4,0.5477225575051661,0.4800999895855029,5
american_socialism,schema,AG2,16,3.2,0.4472135954999579,0.39199999999999996,5
animal_dissection,free_debate,AG1,1,3.2,1.3038404810405297,1.1428665713896788,5
animal_dissection,free_debate,AG1,2,2.0,1.224744871391589,1.0735362127101253,5
animal_dissection,free_debate,AG1,3,3.2,0.8366600265340756,0.7333648478076925,5
animal_dissection,free_debate,AG1,4,2.8,0.8366600265340756,0.7333648478076925,5
animal_dissection,free_debate,AG1,5,1.8,0.4472135954999579,0.39199999999999996,5
animal_dissection,free_debate,AG1,6,3.8,0.4472135954999579,0.39199999999999996,5
animal_dissection,free_debate,AG1,7,4.2,1.3038404810405297,1.1428665713896788,5
animal_dissection,free_debate,AG1,8,3.2,0.8366600265340756,0.7333648478076925,5
animal_dissection,free_debate,AG1,9,2.8,0.8366600265340756,0.7333648478076925,5
animal_dissection,free_debate,AG1,10,2.8,0.8366600265340756,0.7333648478076925,5
animal_dissection,free_debate,AG1,11,2.4,0.5477225575051661,0.4800999895855029,5
animal_dissection,free_debate,AG1,12,1.8,0.4472135954999579,0.39199999999999996,5
animal_dissection,free_debate,AG1,13,2.8,0.8366600265340756,0.7333648478076925,5
animal_dissection,free_debate,AG1,14,2.4,0.8944271909999159,0.7839999999999999,5
animal_dissection,free_debate,AG1,15,2.6,0.8944271909999159,0.7839999999999999,5
animal_dissection,free_debate,AG1,16,3.0,0.7071067811865476,0.6198064213930023,5
animal_dissection,free_debate,AG2,1,5.8,0.4472135954999579,0.39199999999999996,5
animal_dissection,free_debate,AG2,2,5.0,0.7071067811865476,0.6198064213930023,5
animal_dissection,free_debate,AG2,3,2.0,0.0,0.0,5
animal_dissection,free_debate,AG2,4,5.2,0.4472135954999579,0.39199999999999996,5
animal_dissection,free_debate,AG2,5,1.6,0.5477225575051661,0.4800999895855029,5
animal_dissection,free_debate,AG2,6,4.8,1.0954451150103321,0.9601999791710057,5
animal_dissection,free_debate,AG2,7,6.0,0.0,0.0,5
animal_dissection,free_debate,AG2,8,4.2,0.4472135954999579,0.39199999999999996,5
animal_dissection,free_debate,AG2,9,2.8,0.4472135954999579,0.39199999999999996,5
animal_dissection,free_debate,AG2,10,3.4,0.5477225575051661,0.4800999895855029,5
animal_dissection,free_debate,AG2,11,3.8,0.8366600265340756,0.7333648478076925,5
animal_dissection,free_debate,AG2,12,2.4,0.5477225575051661,0.4800999895855029,5
animal_dissection,free_debate,AG2,13,2.8,0.4472135954999579,0.39199999999999996,5
animal_dissection,free_debate,AG2,14,2.8,0.8366600265340756,0.7333648478076925,5
animal_dissection,free_debate,AG2,15,2.0,0.0,0.0,5
animal_dissection,free_debate,AG2,16,2.8,0.4472135954999579,0.39199999999999996,5
animal_dissection,mad,AG1,1,4.6,1.949358868961793,1.708688385867944,5
animal_dissection,mad,AG1,2,3.0,1.8708286933869707,1.639853652006788,5
animal_dissection,mad,AG1,3,2.4,1.140175425099138,0.9994078246641858,5
animal_dissection,mad,AG1,4,4.4,1.816590212458495,1.592311527308648,5
animal_dissection,mad,AG1,5,1.8,0.4472135954999579,0.39199999999999996,5
animal_dissection,mad,AG1,6,4.2,1.0954451150103321,0.9601999791710057,5
animal_dissection,mad,AG1,7,5.8,0.4472135954999579,0.39199999999999996,5
animal_dissection,mad,AG1,8,3.0,1.7320508075688772,1.5182094717133072,5
animal_dissection,mad,AG1,9,2.4,0.5477225575051661,0.4800999895855029,5
animal_dissection,mad,AG1,10,3.2,0.8366600265340756,0.7333648478076925,5
animal_dissection,mad,AG1,11,3.4,1.816590212458495,1.592311527308648,5
animal_dissection,mad,AG1,12,2.4,0.5477225575051661,0.4800999895855029,5
animal_dissection,mad,AG1,13,2.4,0.5477225575051661,0.4800999895855029,5
animal_dissection,mad,AG1,14,2.0,0.0,0.0,5
animal_dissection,mad,AG1,15,2.0,0.0,0.0,5
animal_dissection,mad,AG1,16,2.8,0.4472135954999579,0.39199999999999996,5
animal_dissection,mad,AG2,1,6.0,0.0,0.0,5
animal_dissection,mad,AG2,2,3.8,1.7888543819998317,1.5679999999999998,5
animal_dissection,mad,AG2,3,2.6,1.3416407864998738,1.176,5
animal_dissection,mad,AG2,4,5.4,0.5477225575051661,0.4800999895855029,5
animal_dissection,mad,AG2,5,1.6,0.5477225575051661,0.4800999895855029,5
animal_dissection,mad,AG2,6,3.8,0.4472135954999579,0.39199999999999996,5
animal_dissection,mad,AG2,7,6.4,0.5477225575051661,0.4800999895855029,5
animal_dissection,mad,AG2,8,4.4,0.8944271909999159,0.7839999999999999,5
animal_dissection,mad,AG2,9,2.0,0.0,0.0,5
animal_dissection,mad,AG2,10,2.4,0.5477225575051661,0.4800999895855029,5
animal_dissection,mad,AG2,11,3.0,1.0,0.8765386471799175,5
animal_dissection,mad,AG2,12,2.0,0.0,0.0,5
animal_dissection,mad,AG2,13,2.2,0.4472135954999579,0.39199999999999996,5
animal_dissection,mad,AG2,14,2.2,0.4472135954999579,0.39199999999999996,5
animal_dissection,mad,AG2,15,1.8,0.4472135954999579,0.39199999999999996,5
animal_dissection,mad,AG2,16,2.6,0.5477225575051661,0.4800999895855029,5
animal_dissection,no_schema,AG1,1,3.6,0.8944271909999159,0.7839999999999999,5
animal_dissection,no_schema,AG1,2,2.4,0.5477225575051661,0.4800999895855029,5
animal_dissection,no_schema,AG1,3,2.8,0.4472135954999579,0.39199999999999996,5
animal_dissection,no_schema,AG1,4,3.8,0.4472135954999579,0.39199999999999996,5
animal_dissection,no_schema,AG1,5,2.4,0.5477225575051661,0.4800999895855029,5
animal_dissection,no_schema,AG1,6,4.0,0.0,0.0,5
animal_dissection,no_schema,AG1,7,4.6,0.5477225575051661,0.4800999895855029,5
animal_dissection,no_schema,AG1,8,3.8,0.4472135954999579,0.39199999999999996,5
animal_dissection,no_schema,AG1,9,2.4,0.5477225575051661,0.4800999895855029,5
animal_dissection,no_schema,AG1,10,3.2,0.4472135954999579,0.39199999999999996,5
animal_dissection,no_schema,AG1,11,2.8,0.8366600265340756,0.7333648478076925,5
animal_dissection,no_schema,AG1,12,2.0,0.0,0.0,5
animal_dissection,no_schema,AG1,13,3.6,0.5477225575051661,0.4800999895855029,5
animal_dissection,no_schema,AG1,14,3.0,0.7071067811865476,0.6198064213930023,5
animal_dissection,no_schema,AG1,15,2.8,0.4472135954999579,0.39199999999999996,5
animal_dissection,no_schema,AG1,16,3.0,0.7071067811865476,0.6198064213930023,5
animal_dissection,no_schema,AG2,1,5.6,0.5477225575051661,0.4800999895855029,5
animal_dissection,no_schema,AG2,2,4.0,0.7071067811865476,0.6198064213930023,5
animal_dissection,no_schema,AG2,3,2.2,0.4472135954999579,0.39199999999999996,5
animal_dissection,no_schema,AG2,4,5.0,0.7071067811865476,0.6198064213930023,5
animal_dissection,no_schema,AG2,5,2.4,0.8944271909999159,0.7839999999999999,5
animal_dissection,no_schema,AG2,6,4.0,0.0,0.0,5
animal_dissection,no_schema,AG2,7,6.0,0.0,0.0,5
animal_dissection,no_schema,AG2,8,4.0,0.0,0.0,5
animal_dissection,no_schema,AG2,9,2.8,0.8366600265340756,0.7333648478076925,5
animal_dissection,no_schema,AG2,10,3.4,0.8944271909999159,0.7839999999999999,5
animal_dissection,no_schema,AG2,11,4.2,0.4472135954999579,0.39199999999999996,5
animal_dissection,no_schema,AG2,12,3.2,0.4472135954999579,0.39199999999999996,5
animal_dissection,no_schema,AG2,13,3.0,0.7071067811865476,0.6198064213930023,5
animal_dissection,no_schema,AG2,14,3.4,0.5477225575051661,0.4800999895855029,5
animal_dissection,no_schema,AG2,15,2.2,0.4472135954999579,0.39199999999999996,5
animal_dissection,no_schema,AG2,16,3.0,0.0,0.0,5
animal_dissection,schema,AG1,1,5.2,1.4832396974191326,1.3001169178193166,5
animal_dissection,schema,AG1,2,3.6,1.51657508881031,1.3293366766925523,5
animal_dissection,schema,AG1,3,2.4,1.140175425099138,0.9994078246641858,5
animal_dissection,schema,AG1,4,4.4,1.140175425099138,0.9994078246641858,5
animal_dissection,schema,AG1,5,1.6,0.5477225575051661,0.4800999895855029,5
animal_dissection,schema,AG1,6,4.8,1.0954451150103321,0.9601999791710057,5
animal_dissection,schema,AG1,7,5.0,1.5811388300841898,1.3859292911256331,5
animal_dissection,schema,AG1,8,3.8,0.8366600265340756,0.7333648478076925,5
animal_dissection,schema,AG1,9,2.4,0.8944271909999159,0.7839999999999999,5
animal_dissection,schema,AG1,10,3.4,0.8944271909999159,0.7839999999999999,5
animal_dissection,schema,AG1,11,3.8,1.3038404810405297,1.1428665713896788,5
animal_dissection,schema,AG1,12,2.8,0.8366600265340756,0.7333648478076925,5
animal_dissection,schema,AG1,13,3.0,1.0,0.8765386471799175,5
animal_dissection,schema,AG1,14,3.0,1.224744871391589,1.0735362127101253,5
animal_dissection,schema,AG1,15,2.4,0.8944271909999159,0.7839999999999999,5
animal_dissection,schema,AG1,16,3.2,0.8366600265340756,0.7333648478076925,5
animal_dissection,schema,AG2,1,5.8,0.4472135954999579,0.39199999999999996,5
animal_dissection,schema,AG2,2,4.2,0.8366600265340756,0.7333648478076925,5
animal_dissection,schema,AG2,3,1.8,0.4472135954999579,0.39199999999999996,5
animal_dissection,schema,AG2,4,5.0,0.7071067811865476,0.6198064213930023,5
animal_dissection,schema,AG2,5,2.0,0.0,0.0,5
animal_dissection,schema,AG2,6,4.2,0.4472135954999579,0.39199999999999996,5
animal_dissection,schema,AG2,7,6.0,0.0,0.0,5
animal_dissection,schema,AG2,8,4.4,0.5477225575051661,0.4800999895855029,5
animal_dissection,schema,AG2,9,2.6,0.5477225575051661,0.4800999895855029,5
animal_dissection,schema,AG2,10,3.6,0.5477225575051661,0.4800999895855029,5
animal_dissection,schema,AG2,11,3.8,0.8366600265340756,0.7333648478076925,5
animal_dissection,schema,AG2,12,3.0,1.0,0.8765386471799175,5
animal_dissection,schema,AG2,13,2.6,0.5477225575051661,0.4800999895855029,5
animal_dissection,schema,AG2,14,3.0,0.7071067811865476,0.6198064213930023,5
animal_dissection,schema,AG2,15,2.2,0.4472135954999579,0.39199999999999996,5
animal_dissection,schema,AG2,16,2.8,1.0954451150103321,0.9601999791710057,5
artificial_intelligence,free_debate,AG1,1,4.6,1.51657508881031,1.3293366766925523,5
artificial_intelligence,free_debate,AG1,2,3.0,1.0,0.8765386471799175,5
artificial_intelligence,free_debate,AG1,3,2.4,0.5477225575051661,0.4800999895855029,5
artificial_intelligence,free_debate,AG1,4,3.8,1.0954451150103321,0.9601999791710057,5
artificial_intelligence,free_debate,AG1,5,1.8,0.4472135954999579,0.39199999999999996,5
artificial_intelligence,free_debate,AG1,6,3.8,0.4472135954999579,0.39199999999999996,5
artificial_intelligence,free_debate,AG1,7,4.8,1.3038404810405297,1.1428665713896788,5
artificial_intelligence,free_debate,AG1,8,3.0,1.0,0.8765386471799175,5
artificial_intelligence,free_debate,AG1,9,2.6,0.8944271909999159,0.7839999999999999,5
artificial_intelligence,free_debate,AG1,10,2.8,0.4472135954999579,0.39199999999999996,5
artificial_intelligence,free_debate,AG1,11,2.4,0.5477225575051661,0.4800999895855029,5
artificial_intelligence,free_debate,AG1,12,2.4,0.5477225575051661,0.4800999895855029,5
artificial_intelligence,free_debate,AG1,13,2.2,0.4472135954999579,0.39199999999999996,5
artificial_intelligence,free_debate,AG1,14,2.6,0.5477225575051661,0.4800999895855029,5
artificial_intelligence,free_debate,AG1,15,2.2,0.4472135954999579,0.39199999999999996,5
artificial_intelligence,free_debate,AG1,16,2.4,0.5477225575051661,0.4800999895855029,5
artificial_intelligence,free_debate,AG2,1,5.0,0.0,0.0,5
artificial_intelligence,free_debate,AG2,2,2.8,0.8366600265340756,0.7333648478076925,5
artificial_intelligence,free_debate,AG2,3,2.0,0.0,0.0,5
artificial_intelligence,free_debate,AG2,4,3.6,0.8944271909999159,0.7839999999999999,5
artificial_intelligence,free_debate,AG2,5,2.0,0.0,0.0,5
artificial_intelligence,free_debate,AG2,6,3.8,0.4472135954999579,0.39199999999999996,5
artificial_intelligence,free_debate,AG2,7,6.0,0.0,0.0,5
artificial_intelligence,free_debate,AG2,8,3.0,1.0,0.8765386471799175,5
artificial_intelligence,free_debate,AG2,9,3.0,0.7071067811865476,0.6198064213930023,5
artificial_intelligence,free_debate,AG2,10,3.2,0.4472135954999579,0.39199999999999996,5
artificial_intelligence,free_debate,AG2,11,2.4,0.5477225575051661,0.4800999895855029,5
artificial_intelligence,free_debate,AG2,12,2.6,0.5477225575051661,0.4800999895855029,5
artificial_intelligence,free_debate,AG2,13,2.4,0.8944271909999159,0.7839999999999999,5
artificial_intelligence,free_debate,AG2,14,2.4,0.5477225575051661,0.4800999895855029,5
artificial_intelligence,free_debate,AG2,15,2.0,0.7071067811865476,0.6198064213930023,5
artificial_intelligence,free_debate,AG2,16,2.6,0.5477225575051661,0.4800999895855029,5
artificial_intelligence,mad,AG1,1,3.4,1.140175425099138,0.9994078246641858,5
artificial_intelligence,mad,AG1,2,2.2,1.0954451150103321,0.9601999791710057,5
artificial_intelligence,mad,AG1,3,2.6,0.5477225575051661,0.4800999895855029,5
artificial_intelligence,mad,AG1,4,3.4,0.8944271909999159,0.7839999999999999,5
artificial_intelligence,mad,AG1,5,2.0,0.0,0.0,5
artificial_intelligence,mad,AG1,6,4.2,0.8366600265340756,0.7333648478076925,5
artificial_intelligence,mad,AG1,7,5.6,0.8944271909999159,0.7839999999999999,5
artificial_intelligence,mad,AG1,8,3.8,0.8366600265340756,0.7333648478076925,5
artificial_intelligence,mad,AG1,9,3.0,1.0,0.8765386471799175,5
artificial_intelligence,mad,AG1,10,3.2,0.4472135954999579,0.39199999999999996,5
artificial_intelligence,mad,AG1,11,2.4,0.8944271909999159,0.7839999999999999,5
artificial_intelligence,mad,AG1,12,2.6,0.5477225575051661,0.4800999895855029,5
artificial_intelligence,mad,AG1,13,2.4,0.5477225575051661,0.4800999895855029,5
artificial_intelligence,mad,AG1,14,2.2,0.4472135954999579,0.39199999999999996,5
artificial_intelligence,mad,AG1,15,2.4,0.5477225575051661,0.4800999895855029,5
artificial_intelligence,mad,AG1,16,2.8,0.4472135954999579,0.39199999999999996,5
artificial_intelligence,mad,AG2,1,5.4,0.5477225575051661,0.4800999895855029,5
artificial_intelligence,mad,AG2,2,3.2,1.0954451150103321,0.9601999791710057,5
artificial_intelligence,mad,AG2,3,2.2,0.4472135954999579,0.39199999999999996,5
artificial_intelligence,mad,AG2,4,3.4,0.8944271909999159,0.7839999999999999,5
artificial_intelligence,mad,AG2,5,1.6,0.5477225575051661,0.4800999895855029,5
artificial_intelligence,mad,AG2,6,4.0,0.0,0.0,5
artificial_intelligence,mad,AG2,7,6.0,0.0,0.0,5
artificial_intelligence,mad,AG2,8,3.4,0.8944271909999159,0.7839999999999999,5
artificial_intelligence,mad,AG2,9,2.6,0.5477225575051661,0.4800999895855029,5
artificial_intelligence,mad,AG2,10,2.8,0.4472135954999579,0.39199999999999996,5
artificial_intelligence,mad,AG2,11,3.0,1.0,0.8765386471799175,5
artificial_intelligence,mad,AG2,12,2.6,0.5477225575051661,0.4800999895855029,5
artificial_intelligence,mad,AG2,13,2.6,0.5477225575051661,0.4800999895855029,5
artificial_intelligence,mad,AG2,14,2.4,0.5477225575051661,0.4800999895855029,5
artificial_intelligence,mad,AG2,15,2.0,0.0,0.0,5
artificial_intelligence,mad,AG2,16,2.4,0.5477225575051661,0.4800999895855029,5
artificial_intelligence,no_schema,AG1,1,4.8,1.3038404810405297,1.1428665713896788,5
artificial_intelligence,no_schema,AG1,2,3.8,1.0954451150103321,0.9601999791710057,5
artificial_intelligence,no_schema,AG1,3,1.8,0.4472135954999579,0.39199999999999996,5
artificial_intelligence,no_schema,AG1,4,5.0,0.7071067811865476,0.6198064213930023,5
artificial_intelligence,no_schema,AG1,5,1.8,0.4472135954999579,0.39199999999999996,5
artificial_intelligence,no_schema,AG1,6,5.0,0.7071067811865476,0.6198064213930023,5
artificial_intelligence,no_schema,AG1,7,5.8,0.4472135954999579,0.39199999999999996,5
artificial_intelligence,no_schema,AG1,8,4.2,0.4472135954999579,0.39199999999999996,5
artificial_intelligence,no_schema,AG1,9,3.0,0.7071067811865476,0.6198064213930023,5
artificial_intelligence,no_schema,AG1,10,3.8,0.4472135954999579,0.39199999999999996,5
artificial_intelligence,no_schema,AG1,11,3.6,0.5477225575051661,0.4800999895855029,5
artificial_intelligence,no_schema,AG1,12,3.4,0.5477225575051661,0.4800999895855029,5
artificial_intelligence,no_schema,AG1,13,3.0,0.0,0.0,5
artificial_intelligence,no_schema,AG1,14,3.2,0.4472135954999579,0.39199999999999996,5
artificial_intelligence,no_schema,AG1,15,2.6,0.5477225575051661,0.4800999895855029,5
artificial_intelligence,no_schema,AG1,16,3.6,0.5477225575051661,0.4800999895855029,5
artificial_intelligence,no_schema,AG2,1,2.8,0.8366600265340756,0.7333648478076925,5
artificial_intelligence,no_schema,AG2,2,2.4,1.51657508881031,1.3293366766925523,5
artificial_intelligence,no_schema,AG2,3,3.2,0.4472135954999579,0.39199999999999996,5
artificial_intelligence,no_schema,AG2,4,3.6,0.5477225575051661,0.4800999895855029,5
artificial_intelligence,no_schema,AG2,5,2.0,0.0,0.0,5
artificial_intelligence,no_schema,AG2,6,4.0,0.0,0.0,5
artificial_intelligence,no_schema,AG2,7,4.8,0.8366600265340756,0.7333648478076925,5
artificial_intelligence,no_schema,AG2,8,2.6,0.8944271909999159,0.7839999999999999,5
artificial_intelligence,no_schema,AG2,9,2.8,0.4472135954999579,0.39199999999999996,5
artificial_intelligence,no_schema,AG2,10,2.8,0.8366600265340756,0.7333648478076925,5
artificial_intelligence,no_schema,AG2,11,2.6,0.5477225575051661,0.4800999895855029,5
artificial_intelligence,no_schema,AG2,12,2.8,0.4472135954999579,0.39199999999999996,5
artificial_intelligence,no_schema,AG2,13,2.6,0.5477225575051661,0.4800999895855029,5
artificial_intelligence,no_schema,AG2,14,2.4,0.5477225575051661,0.4800999895855029,5
artificial_intelligence,no_schema,AG2,15,2.2,0.4472135954999579,0.39199999999999996,5
artificial_intelligence,no_schema,AG2,16,2.6,0.5477225575051661,0.4800999895855029,5
artificial_intelligence,schema,AG1,1,4.6,0.8944271909999159,0.7839999999999999,5
artificial_intelligence,schema,AG1,2,3.2,0.8366600265340756,0.7333648478076925,5
artificial_intelligence,schema,AG1,3,2.0,0.7071067811865476,0.6198064213930023,5
artificial_intelligence,schema,AG1,4,4.2,0.4472135954999579,0.39199999999999996,5
artificial_intelligence,schema,AG1,5,1.8,0.4472135954999579,0.39199999999999996,5
artificial_intelligence,schema,AG1,6,4.0,0.0,0.0,5
artificial_intelligence,schema,AG1,7,5.8,0.4472135954999579,0.39199999999999996,5
artificial_intelligence,schema,AG1,8,3.6,0.8944271909999159,0.7839999999999999,5
artificial_intelligence,schema,AG1,9,2.4,0.5477225575051661,0.4800999895855029,5
artificial_intelligence,schema,AG1,10,3.4,0.5477225575051661,0.4800999895855029,5
artificial_intelligence,schema,AG1,11,3.8,0.4472135954999579,0.39199999999999996,5
artificial_intelligence,schema,AG1,12,3.0,0.7071067811865476,0.6198064213930023,5
artificial_intelligence,schema,AG1,13,2.8,0.4472135954999579,0.39199999999999996,5
artificial_intelligence,schema,AG1,14,2.8,0.4472135954999579,0.39199999999999996,5
artificial_intelligence,schema,AG1,15,2.2,0.4472135954999579,0.39199999999999996,5
artificial_intelligence,schema,AG1,16,3.0,0.7071067811865476,0.6198064213930023,5
artificial_intelligence,schema,AG2,1,4.4,1.3416407864998738,1.176,5
artificial_intelligence,schema,AG2,2,3.0,0.7071067811865476,0.6198064213930023,5
artificial_intelligence,schema,AG2,3,2.8,0.8366600265340756,0.7333648478076925,5
artificial_intelligence,schema,AG2,4,3.8,0.4472135954999579,0.39199999999999996,5
artificial_intelligence,schema,AG2,5,2.2,0.4472135954999579,0.39199999999999996,5
artificial_intelligence,schema,AG2,6,4.0,0.0,0.0,5
artificial_intelligence,schema,AG2,7,6.0,0.0,0.0,5
artificial_intelligence,schema,AG2,8,2.6,0.5477225575051661,0.4800999895855029,5
artificial_intelligence,schema,AG2,9,3.2,0.8366600265340756,0.7333648478076925,5
artificial_intelligence,schema,AG2,10,3.2,0.4472135954999579,0.39199999999999996,5
artificial_intelligence,schema,AG2,11,3.2,0.4472135954999579,0.39199999999999996,5
artificial_intelligence,schema,AG2,12,2.8,0.4472135954999579,0.39199999999999996,5
artificial_intelligence,schema,AG2,13,2.4,0.5477225575051661,0.4800999895855029,5
artificial_intelligence,schema,AG2,14,2.6,0.5477225575051661,0.4800999895855029,5
artificial_intelligence,schema,AG2,15,2.0,0.0,0.0,5
artificial_intelligence,schema,AG2,16,2.6,0.5477225575051661,0.4800999895855029,5
election_day,free_debate,AG1,1,4.4,1.51657508881031,1.3293366766925523,5
election_day,free_debate,AG1,2,3.4,0.8944271909999159,0.7839999999999999,5
election_day,free_debate,AG1,3,2.0,0.7071067811865476,0.6198064213930023,5
election_day,free_debate,AG1,4,4.4,1.140175425099138,0.9994078246641858,5
election_day,free_debate,AG1,5,1.8,0.4472135954999579,0.39199999999999996,5
election_day,free_debate,AG1,6,4.2,0.4472135954999579,0.39199999999999996,5
election_day,free_debate,AG1,7,5.4,1.3416407864998738,1.176,5
election_day,free_debate,AG1,8,4.0,0.7071067811865476,0.6198064213930023,5
election_day,free_debate,AG1,9,3.0,0.0,0.0,5
election_day,free_debate,AG1,10,3.8,0.4472135954999579,0.39199999999999996,5
election_day,free_debate,AG1,11,3.2,0.8366600265340756,0.7333648478076925,5
election_day,free_debate,AG1,12,3.2,0.8366600265340756,0.7333648478076925,5
election_day,free_debate,AG1,13,3.6,0.5477225575051661,0.4800999895855029,5
election_day,free_debate,AG1,14,3.8,0.4472135954999579,0.39199999999999996,5
election_day,free_debate,AG1,15,3.8,0.4472135954999579,0.39199999999999996,5
election_day,free_debate,AG1,16,4.0,0.0,0.0,5
election_day,free_debate,AG2,1,3.6,1.816590212458495,1.592311527308648,5
election_day,free_debate,AG2,2,3.4,1.51657508881031,1.3293366766925523,5
election_day,free_debate,AG2,3,2.2,0.4472135954999579,0.39199999999999996,5
election_day,free_debate,AG2,4,4.0,1.224744871391589,1.0735362127101253,5
election_day,free_debate,AG2,5,2.2,0.4472135954999579,0.39199999999999996,5
election_day,free_debate,AG2,6,3.8,0.4472135954999579,0.39199999999999996,5
election_day,free_debate,AG2,7,4.2,1.7888543819998317,1.5679999999999998,5
election_day,free_debate,AG2,8,3.4,0.5477225575051661,0.4800999895855029,5
election_day,free_debate,AG2,9,3.6,0.8944271909999159,0.7839999999999999,5
election_day,free_debate,AG2,10,3.8,0.4472135954999579,0.39199999999999996,5
election_day,free_debate,AG2,11,3.4,0.5477225575051661,0.4800999895855029,5
election_day,free_debate,AG2,12,3.6,0.8944271909999159,0.7839999999999999,5
election_day,free_debate,AG2,13,3.6,1.140175425099138,0.9994078246641858,5
election_day,free_debate,AG2,14,3.6,0.5477225575051661,0.4800999895855029,5
election_day,free_debate,AG2,15,3.8,0.4472135954999579,0.39199999999999996,5
election_day,free_debate,AG2,16,3.8,0.4472135954999579,0.39199999999999996,5
election_day,mad,AG1,1,5.0,1.4142135623730951,1.2396128427860047,5
election_day,mad,AG1,2,4.4,1.51657508881031,1.3293366766925523,5
election_day,mad,AG1,3,2.2,0.4472135954999579,0.39199999999999996,5
election_day,mad,AG1,4,5.0,0.7071067811865476,0.6198064213930023,5
election_day,mad,AG1,5,1.8,0.4472135954999579,0.39199999999999996,5
election_day,mad,AG1,6,4.2,0.4472135954999579,0.39199999999999996,5
election_day,mad,AG1,7,6.0,0.0,0.0,5
election_day,mad,AG1,8,3.8,0.4472135954999579,0.39199999999999996,5
election_day,mad,AG1,9,3.0,0.0,0.0,5
election_day,mad,AG1,10,3.2,0.4472135954999579,0.39199999999999996,5
election_day,mad,AG1,11,3.2,0.4472135954999579,0.39199999999999996,5
election_day,mad,AG1,12,2.4,0.5477225575051661,0.4800999895855029,5
election_day,mad,AG1,13,3.0,0.7071067811865476,0.6198064213930023,5
election_day,mad,AG1,14,2.4,0.5477225575051661,0.4800999895855029,5
election_day,mad,AG1,15,2.6,0.8944271909999159,0.7839999999999999,5
election_day,mad,AG1,16,3.0,0.7071067811865476,0.6198064213930023,5
election_day,mad,AG2,1,5.0,1.0,0.8765386471799175,5
election_day,mad,AG2,2,3.6,1.3416407864998738,1.176,5
election_day,mad,AG2,3,2.4,0.8944271909999159,0.7839999999999999,5
election_day,mad,AG2,4,4.8,0.8366600265340756,0.7333648478076925,5
election_day,mad,AG2,5,2.2,0.4472135954999579,0.39199999999999996,5
election_day,mad,AG2,6,4.0,0.0,0.0,5
election_day,mad,AG2,7,5.6,0.5477225575051661,0.4800999895855029,5
election_day,mad,AG2,8,4.0,0.0,0.0,5
election_day,mad,AG2,9,2.8,0.8366600265340756,0.7333648478076925,5
election_day,mad,AG2,10,3.0,0.7071067811865476,0.6198064213930023,5
election_day,mad,AG2,11,3.2,0.8366600265340756,0.7333648478076925,5
election_day,mad,AG2,12,2.8,0.8366600265340756,0.7333648478076925,5
election_day,mad,AG2,13,3.4,0.5477225575051661,0.4800999895855029,5
election_day,mad,AG2,14,3.0,0.0,0.0,5
election_day,mad,AG2,15,2.6,0.5477225575051661,0.4800999895855029,5
election_day,mad,AG2,16,2.6,0.5477225575051661,0.4800999895855029,5
election_day,no_schema,AG1,1,5.0,0.7071067811865476,0.6198064213930023,5
election_day,no_schema,AG1,2,3.8,0.8366600265340756,0.7333648478076925,5
election_day,no_schema,AG1,3,2.0,0.7071067811865476,0.6198064213930023,5
election_day,no_schema,AG1,4,4.6,0.5477225575051661,0.4800999895855029,5
election_day,no_schema,AG1,5,2.0,0.0,0.0,5
election_day,no_schema,AG1,6,4.4,0.5477225575051661,0.4800999895855029,5
election_day,no_schema,AG1,7,5.2,0.4472135954999579,0.39199999999999996,5
election_day,no_schema,AG1,8,5.0,1.224744871391589,1.0735362127101253,5
election_day,no_schema,AG1,9,2.8,0.4472135954999579,0.39199999999999996,5
election_day,no_schema,AG1,10,4.0,0.0,0.0,5
election_day,no_schema,AG1,11,4.2,1.0954451150103321,0.9601999791710057,5
election_day,no_schema,AG1,12,3.2,0.4472135954999579,0.39199999999999996,5
election_day,no_schema,AG1,13,3.6,0.5477225575051661,0.4800999895855029,5
election_day,no_schema,AG1,14,4.0,0.0,0.0,5
election_day,no_schema,AG1,15,3.4,0.5477225575051661,0.4800999895855029,5
election_day,no_schema,AG1,16,4.0,0.0,0.0,5
election_day,no_schema,AG2,1,3.2,1.0954451150103321,0.9601999791710057,5
election_day,no_schema,AG2,2,2.4,1.140175425099138,0.9994078246641858,5
election_day,no_schema,AG2,3,2.8,0.4472135954999579,0.39199999999999996,5
election_day,no_schema,AG2,4,3.6,1.140175425099138,0.9994078246641858,5
election_day,no_schema,AG2,5,2.2,0.4472135954999579,0.39199999999999996,5
election_day,no_schema,AG2,6,3.8,0.4472135954999579,0.39199999999999996,5
election_day,no_schema,AG2,7,4.2,1.3038404810405297,1.1428665713896788,5
election_day,no_schema,AG2,8,3.6,0.8944271909999159,0.7839999999999999,5
election_day,no_schema,AG2,9,3.2,0.8366600265340756,0.7333648478076925,5
election_day,no_schema,AG2,10,3.4,0.8944271909999159,0.7839999999999999,5
election_day,no_schema,AG2,11,2.8,1.0954451150103321,0.9601999791710057,5
election_day,no_schema,AG2,12,3.2,0.8366600265340756,0.7333648478076925,5
election_day,no_schema,AG2,13,3.6,0.5477225575051661,0.4800999895855029,5
election_day,no_schema,AG2,14,3.4,0.8944271909999159,0.7839999999999999,5
election_day,no_schema,AG2,15,3.0,0.7071067811865476,0.6198064213930023,5
election_day,no_schema,AG2,16,3.6,0.8944271909999159,0.7839999999999999,5
election_day,schema,AG1,1,4.2,0.8366600265340756,0.7333648478076925,5
election_day,schema,AG1,2,2.8,0.8366600265340756,0.7333648478076925,5
election_day,schema,AG1,3,2.6,0.8944271909999159,0.7839999999999999,5
election_day,schema,AG1,4,3.6,1.140175425099138,0.9994078246641858,5
election_day,schema,AG1,5,2.0,0.0,0.0,5
election_day,schema,AG1,6,4.0,0.0,0.0,5
election_day,schema,AG1,7,4.4,1.140175425099138,0.9994078246641858,5
election_day,schema,AG1,8,3.4,0.5477225575051661,0.4800999895855029,5
election_day,schema,AG1,9,2.8,0.4472135954999579,0.39199999999999996,5
election_day,schema,AG1,10,3.6,0.5477225575051661,0.4800999895855029,5
election_day,schema,AG1,11,3.2,0.8366600265340756,0.7333648478076925,5
election_day,schema,AG1,12,2.8,0.4472135954999579,0.39199999999999996,5
election_day,schema,AG1,13,3.8,0.4472135954999579,0.39199999999999996,5
election_day,schema,AG1,14,3.2,0.4472135954999579,0.39199999999999996,5
election_day,schema,AG1,15,3.4,0.5477225575051661,0.4800999895855029,5
election_day,schema,AG1,16,3.4,0.5477225575051661,0.4800999895855029,5
election_day,schema,AG2,1,3.0,1.0,0.8765386471799175,5
election_day,schema,AG2,2,2.8,0.8366600265340756,0.7333648478076925,5
election_day,schema,AG2,3,2.8,0.8366600265340756,0.7333648478076925,5
election_day,schema,AG2,4,4.0,0.7071067811865476,0.6198064213930023,5
election_day,schema,AG2,5,2.0,0.0,0.0,5
election_day,schema,AG2,6,4.0,0.7071067811865476,0.6198064213930023,5
election_day,schema,AG2,7,4.6,0.8944271909999159,0.7839999999999999,5
election_day,schema,AG2,8,3.2,0.8366600265340756,0.7333648478076925,5
election_day,schema,AG2,9,2.6,0.5477225575051661,0.4800999895855029,5
election_day,schema,AG2,10,3.2,0.4472135954999579,0.39199999999999996,5
election_day,schema,AG2,11,3.4,1.140175425099138,0.9994078246641858,5
election_day,schema,AG2,12,3.0,0.0,0.0,5
election_day,schema,AG2,13,3.4,0.5477225575051661,0.4800999895855029,5
election_day,schema,AG2,14,3.2,0.4472135954999579,0.39199999999999996,5
election_day,schema,AG2,15,3.0,0.0,0.0,5
election_day,schema,AG2,16,3.6,0.5477225575051661,0.4800999895855029,5
