method,setting,constructiveness,constraint_preservation,quality_average_v2
schema,1,9.7,8.3,9.0
schema,2,9.1,8.1,8.6
schema,3,9.2,7.9,8.55
schema,4,8.4,7.8,8.1
schema,5,9.5,8.5,9.0
schema,6,8.5,8.0,8.25
schema,7,8.0,7.8,7.9
schema,8,8.3,8.1,8.2
schema,9,8.8,8.2,8.5
schema,10,8.5,8.2,8.35
no_schema,1,9.8,7.8,8.8
no_schema,2,8.7,8.2,8.45
no_schema,3,9.3,8.5,8.9
no_schema,4,9.2,7.7,8.45
no_schema,5,9.7,8.0,8.85
no_schema,6,8.8,8.2,8.5
no_schema,7,9.5,7.6,8.55
no_schema,8,8.5,8.3,8.4
no_schema,9,9.0,8.2,8.6
no_schema,10,9.0,7.9,8.45
mad,1,9.9,4.3,7.1
mad,2,9.9,5.1,7.5
mad,3,10.0,5.2,7.6
mad,4,9.2,4.8,7.0
mad,5,10.0,5.2,7.6
mad,6,10.0,5.7,7.85
mad,7,9.7,4.4,7.05
mad,8,9.7,5.2,7.45
mad,9,9.2,4.6,6.9
mad,10,9.5,4.6,7.05
free_debate,1,9.8,7.1,8.45
free_debate,2,8.9,6.7,7.8
free_debate,3,10.0,6.7,8.35
free_debate,4,10.0,7.0,8.5
free_debate,5,9.4,6.7,8.05
free_debate,6,9.4,7.4,8.4
free_debate,7,9.7,6.8,8.25
free_debate,8,9.1,7.5,8.3
free_debate,9,9.5,6.9,8.2
free_debate,10,9.8,7.1,8.45
