metric,method,max_dialogue_turns,n,mean,ci95
coverage,free_debate,10,15,0.7946,0.058
coverage,free_debate,15,15,0.8015,0.0769
coverage,free_debate,20,15,0.8127,0.0711
coverage,free_debate,25,15,0.8267,0.0712
coverage,free_debate,30,15,0.8441,0.074
coverage,mad,10,15,0.5197,0.0976
coverage,mad,15,15,0.5365,0.093
coverage,mad,20,15,0.5393,0.1013
coverage,mad,25,15,0.5517,0.0962
coverage,mad,30,15,0.599,0.1012
coverage,no_schema,10,15,0.8281,0.0758
coverage,no_schema,15,15,0.8775,0.055
coverage,no_schema,20,15,0.8255,0.0683
coverage,no_schema,25,15,0.8128,0.0777
coverage,no_schema,30,15,0.8522,0.057
coverage,schema,10,15,0.7779,0.0869
coverage,schema,15,15,0.8132,0.0655
coverage,schema,20,15,0.7596,0.1054
coverage,schema,25,15,0.8478,0.0892
coverage,schema,30,15,0.7518,0.0986
svi_consensus,free_debate,10,15,3.4833,0.3224
svi_consensus,free_debate,15,15,3.75,0.3735
svi_consensus,free_debate,20,15,3.65,0.3937
svi_consensus,free_debate,25,15,3.7167,0.3057
svi_consensus,free_debate,30,15,3.35,0.3054
svi_consensus,mad,10,15,3.3833,0.4082
svi_consensus,mad,15,15,3.5667,0.4548
svi_consensus,mad,20,15,3.4,0.334
svi_consensus,mad,25,15,3.8167,0.3561
svi_consensus,mad,30,15,3.6167,0.4353
svi_consensus,no_schema,10,15,3.9,0.3236
svi_consensus,no_schema,15,15,3.9167,0.36
svi_consensus,no_schema,20,15,4.0333,0.3542
svi_consensus,no_schema,25,15,3.7,0.2494
svi_consensus,no_schema,30,15,4.0333,0.2903
svi_consensus,schema,10,15,3.7333,0.3839
svi_consensus,schema,15,15,3.65,0.2654
svi_consensus,schema,20,15,3.9333,0.3957
svi_consensus,schema,25,15,3.5167,0.3561
svi_consensus,schema,30,15,3.9333,0.3464
turns_used,free_debate,10,15,10.0,0.0
turns_used,free_debate,15,15,15.0,0.0
turns_used,free_debate,20,15,20.0,0.0
turns_used,free_debate,25,15,25.0,0.0
turns_used,free_debate,30,15,30.0,0.0
turns_used,mad,10,15,10.0,0.0
turns_used,mad,15,15,15.0,0.0
turns_used,mad,20,15,20.0,0.0
turns_used,mad,25,15,25.0,0.0
turns_used,mad,30,15,30.0,0.0
turns_used,no_schema,10,15,10.0,0.0
turns_used,no_schema,15,15,15.0,0.0
turns_used,no_schema,20,15,20.0,0.0
turns_used,no_schema,25,15,25.0,0.0
turns_used,no_schema,30,15,30.0,0.0
turns_used,schema,10,15,9.4,1.176
turns_used,schema,15,15,14.0667,1.8293
turns_used,schema,20,15,20.0,0.0
turns_used,schema,25,15,23.4,3.136
turns_used,schema,30,15,30.0,0.0
