method,metric,k,n,mean,ci95
free_debate,consensus_Ck,0.0,75,3.8733,0.1833
free_debate,consensus_Ck,0.1,75,3.7373,0.1794
free_debate,consensus_Ck,0.2,75,3.6013,0.1788
free_debate,consensus_Ck,0.3,75,3.4653,0.1815
free_debate,consensus_Ck,0.4,75,3.3293,0.1873
free_debate,consensus_Ck,0.5,75,3.1933,0.1961
free_debate,abs_gap,,300,1.3600,0.1578
mad,consensus_Ck,0.0,75,3.4500,0.1994
mad,consensus_Ck,0.1,75,3.2953,0.1856
mad,consensus_Ck,0.2,75,3.1407,0.1746
mad,consensus_Ck,0.3,75,2.9860,0.1671
mad,consensus_Ck,0.4,75,2.8313,0.1635
mad,consensus_Ck,0.5,75,2.6767,0.1642
mad,abs_gap,,300,1.5467,0.1732
no_schema,consensus_Ck,0.0,75,4.2533,0.1341
no_schema,consensus_Ck,0.1,75,4.1173,0.1367
no_schema,consensus_Ck,0.2,75,3.9813,0.1418
no_schema,consensus_Ck,0.3,75,3.8453,0.1491
no_schema,consensus_Ck,0.4,75,3.7093,0.1583
no_schema,consensus_Ck,0.5,75,3.5733,0.1692
no_schema,abs_gap,,300,1.3600,0.1324
schema,consensus_Ck,0.0,75,4.3050,0.1696
schema,consensus_Ck,0.1,75,4.1693,0.1751
schema,consensus_Ck,0.2,75,4.0337,0.1825
schema,consensus_Ck,0.3,75,3.8980,0.1917
schema,consensus_Ck,0.4,75,3.7623,0.2023
schema,consensus_Ck,0.5,75,3.6267,0.2142
schema,abs_gap,,300,1.3567,0.1346
