topic,category,method,old_ratio,atomic_ratio,atomic_covered,atomic_total
abortion,Health_Medicine,free_debate,1.0,0.375,6,16
abortion,Health_Medicine,mad,0.5,0.25,4,16
abortion,Health_Medicine,no_schema,1.0,0.5625,9,16
abortion,Health_Medicine,schema,1.0,0.375,6,16
abortion,Health_Medicine,free_debate,0.8333333333333334,0.1875,3,16
abortion,Health_Medicine,mad,0.6666666666666666,0.1875,3,16
abortion,Health_Medicine,no_schema,1.0,0.5,8,16
abortion,Health_Medicine,schema,1.0,0.4375,7,16
abortion,Health_Medicine,free_debate,1.0,0.4375,7,16
abortion,Health_Medicine,mad,0.6666666666666666,0.3125,5,16
abortion,Health_Medicine,no_schema,1.0,0.5,8,16
abortion,Health_Medicine,schema,1.0,0.1875,3,16
abortion,Health_Medicine,free_debate,0.8333333333333334,0.25,4,16
abortion,Health_Medicine,mad,0.3333333333333333,0.3125,5,16
abortion,Health_Medicine,no_schema,1.0,0.25,4,16
abortion,Health_Medicine,schema,1.0,0.5625,9,16
abortion,Health_Medicine,free_debate,0.8333333333333334,0.625,10,16
abortion,Health_Medicine,mad,0.3333333333333333,0.1875,3,16
abortion,Health_Medicine,no_schema,1.0,0.3125,5,16
abortion,Health_Medicine,schema,1.0,0.1875,3,16
alternative_energy,Environment_Animal_Rights,free_debate,1.0,1.0,23,23
alternative_energy,Environment_Animal_Rights,mad,0.6666666666666666,0.6521739130434783,15,23
alternative_energy,Environment_Animal_Rights,no_schema,1.0,0.9130434782608695,21,23
alternative_energy,Environment_Animal_Rights,schema,1.0,1.0,23,23
alternative_energy,Environment_Animal_Rights,free_debate,1.0,0.9130434782608695,21,23
alternative_energy,Environment_Animal_Rights,mad,1.0,0.6086956521739131,14,23
alternative_energy,Environment_Animal_Rights,no_schema,1.0,1.0,23,23
alternative_energy,Environment_Animal_Rights,schema,1.0,1.0,23,23
alternative_energy,Environment_Animal_Rights,free_debate,1.0,0.9130434782608695,21,23
alternative_energy,Environment_Animal_Rights,mad,0.5,0.43478260869565216,10,23
alternative_energy,Environment_Animal_Rights,no_schema,1.0,0.9565217391304348,22,23
alternative_energy,Environment_Animal_Rights,schema,1.0,0.9130434782608695,21,23
alternative_energy,Environment_Animal_Rights,free_debate,0.8333333333333334,0.8695652173913043,20,23
alternative_energy,Environment_Animal_Rights,mad,0.6666666666666666,0.6956521739130435,16,23
alternative_energy,Environment_Animal_Rights,no_schema,1.0,0.9130434782608695,21,23
alternative_energy,Environment_Animal_Rights,schema,1.0,1.0,23,23
alternative_energy,Environment_Animal_Rights,free_debate,1.0,0.8260869565217391,19,23
alternative_energy,Environment_Animal_Rights,mad,0.6666666666666666,0.6521739130434783,15,23
alternative_energy,Environment_Animal_Rights,no_schema,0.8333333333333334,0.9130434782608695,21,23
alternative_energy,Environment_Animal_Rights,schema,1.0,1.0,23,23
american_socialism,Government_Civics,free_debate,0.8333333333333334,0.9375,15,16
american_socialism,Government_Civics,mad,0.5,0.0625,1,16
american_socialism,Government_Civics,no_schema,0.8333333333333334,0.9375,15,16
american_socialism,Government_Civics,schema,1.0,0.9375,15,16
american_socialism,Government_Civics,free_debate,0.8333333333333334,0.6875,11,16
american_socialism,Government_Civics,mad,0.6666666666666666,0.625,10,16
american_socialism,Government_Civics,no_schema,1.0,0.875,14,16
american_socialism,Government_Civics,schema,0.8333333333333334,0.9375,15,16
american_socialism,Government_Civics,free_debate,0.8333333333333334,0.6875,11,16
american_socialism,Government_Civics,mad,0.5,0.625,10,16
american_socialism,Government_Civics,no_schema,1.0,0.8125,13,16
american_socialism,Government_Civics,schema,1.0,0.625,10,16
american_socialism,Government_Civics,free_debate,1.0,0.75,12,16
american_socialism,Government_Civics,mad,0.5,0.25,4,16
american_socialism,Government_Civics,no_schema,0.6666666666666666,0.875,14,16
american_socialism,Government_Civics,schema,1.0,0.5625,9,16
american_socialism,Government_Civics,free_debate,0.8333333333333334,0.5625,9,16
american_socialism,Government_Civics,mad,0.5,0.375,6,16
american_socialism,Government_Civics,no_schema,0.6666666666666666,1.0,16,16
american_socialism,Government_Civics,schema,0.8333333333333334,0.8125,13,16
animal_dissection,Education,free_debate,1.0,0.7777777777777778,14,18
animal_dissection,Education,mad,0.6666666666666666,0.6111111111111112,11,18
animal_dissection,Education,no_schema,1.0,0.8888888888888888,16,18
animal_dissection,Education,schema,1.0,0.7777777777777778,14,18
animal_dissection,Education,free_debate,1.0,0.6666666666666666,12,18
animal_dissection,Education,mad,0.8333333333333334,0.4444444444444444,8,18
animal_dissection,Education,no_schema,1.0,0.7777777777777778,14,18
animal_dissection,Education,schema,1.0,0.9444444444444444,17,18
animal_dissection,Education,free_debate,1.0,0.8333333333333334,15,18
animal_dissection,Education,mad,0.6666666666666666,0.5,9,18
animal_dissection,Education,no_schema,1.0,0.7777777777777778,14,18
animal_dissection,Education,schema,1.0,0.7222222222222222,13,18
animal_dissection,Education,free_debate,1.0,0.6666666666666666,12,18
animal_dissection,Education,mad,0.5,0.5555555555555556,10,18
animal_dissection,Education,no_schema,0.8333333333333334,0.6666666666666666,12,18
animal_dissection,Education,schema,1.0,0.7222222222222222,13,18
animal_dissection,Education,free_debate,1.0,0.7222222222222222,13,18
animal_dissection,Education,mad,0.5,0.4444444444444444,8,18
animal_dissection,Education,no_schema,1.0,0.6666666666666666,12,18
animal_dissection,Education,schema,1.0,0.8888888888888888,16,18
artificial_intelligence,Digital_Life_Science_Technology,free_debate,0.875,0.8571428571428571,12,14
artificial_intelligence,Digital_Life_Science_Technology,mad,0.625,0.5714285714285714,8,14
artificial_intelligence,Digital_Life_Science_Technology,no_schema,0.625,0.8571428571428571,12,14
artificial_intelligence,Digital_Life_Science_Technology,schema,1.0,1.0,14,14
artificial_intelligence,Digital_Life_Science_Technology,free_debate,1.0,0.8571428571428571,12,14
artificial_intelligence,Digital_Life_Science_Technology,mad,0.375,0.2857142857142857,4,14
artificial_intelligence,Digital_Life_Science_Technology,no_schema,0.875,0.7857142857142857,11,14
artificial_intelligence,Digital_Life_Science_Technology,schema,1.0,0.9285714285714286,13,14
artificial_intelligence,Digital_Life_Science_Technology,free_debate,1.0,1.0,14,14
artificial_intelligence,Digital_Life_Science_Technology,mad,0.625,0.2857142857142857,4,14
artificial_intelligence,Digital_Life_Science_Technology,no_schema,1.0,0.9285714285714286,13,14
artificial_intelligence,Digital_Life_Science_Technology,schema,1.0,0.7857142857142857,11,14
artificial_intelligence,Digital_Life_Science_Technology,free_debate,0.875,0.9285714285714286,13,14
artificial_intelligence,Digital_Life_Science_Technology,mad,0.5,0.2857142857142857,4,14
artificial_intelligence,Digital_Life_Science_Technology,no_schema,0.875,0.8571428571428571,12,14
artificial_intelligence,Digital_Life_Science_Technology,schema,1.0,0.9285714285714286,13,14
artificial_intelligence,Digital_Life_Science_Technology,free_debate,0.875,0.7857142857142857,11,14
artificial_intelligence,Digital_Life_Science_Technology,mad,0.875,0.7857142857142857,11,14
artificial_intelligence,Digital_Life_Science_Technology,no_schema,0.875,1.0,14,14
artificial_intelligence,Digital_Life_Science_Technology,schema,1.0,0.42857142857142855,6,14
election_day,Elections_Presidents,free_debate,1.0,0.8181818181818182,9,11
election_day,Elections_Presidents,mad,0.8333333333333334,0.5454545454545454,6,11
election_day,Elections_Presidents,no_schema,1.0,1.0,11,11
election_day,Elections_Presidents,schema,1.0,1.0,11,11
election_day,Elections_Presidents,free_debate,1.0,0.8181818181818182,9,11
election_day,Elections_Presidents,mad,0.8333333333333334,0.45454545454545453,5,11
election_day,Elections_Presidents,no_schema,1.0,0.45454545454545453,5,11
election_day,Elections_Presidents,schema,1.0,0.9090909090909091,10,11
election_day,Elections_Presidents,free_debate,1.0,1.0,11,11
election_day,Elections_Presidents,mad,0.8333333333333334,0.5454545454545454,6,11
election_day,Elections_Presidents,no_schema,1.0,1.0,11,11
election_day,Elections_Presidents,schema,1.0,1.0,11,11
election_day,Elections_Presidents,free_debate,1.0,0.7272727272727273,8,11
election_day,Elections_Presidents,mad,0.8333333333333334,0.9090909090909091,10,11
election_day,Elections_Presidents,no_schema,1.0,0.8181818181818182,9,11
election_day,Elections_Presidents,schema,1.0,1.0,11,11
election_day,Elections_Presidents,free_debate,1.0,0.8181818181818182,9,11
election_day,Elections_Presidents,mad,0.8333333333333334,0.7272727272727273,8,11
election_day,Elections_Presidents,no_schema,1.0,1.0,11,11
election_day,Elections_Presidents,schema,1.0,0.9090909090909091,10,11
