topic,category,method,moves_rebut,moves_undercut,moves_concede,moves_new,moves_total,transcript_covered,transcript_total,transcript_ratio,agent1_has_objection,agent2_has_objection,any_objection
abortion,Health_Medicine,free_debate,4,5,0,1,10,12,16,0.75,True,True,True
abortion,Health_Medicine,mad,7,2,0,1,10,13,16,0.8125,True,False,True
abortion,Health_Medicine,no_schema,5,3,0,2,10,16,16,1.0,True,True,True
abortion,Health_Medicine,schema,7,0,0,3,10,15,16,0.9375,False,True,True
alternative_energy,Environment_Animal_Rights,free_debate,3,6,0,1,10,23,23,1.0,True,False,True
alternative_energy,Environment_Animal_Rights,mad,2,7,0,1,10,23,23,1.0,True,True,True
alternative_energy,Environment_Animal_Rights,no_schema,3,5,0,2,10,21,23,0.9130434782608695,False,True,True
alternative_energy,Environment_Animal_Rights,schema,4,0,0,2,6,16,23,0.6956521739130435,True,True,True
american_socialism,Government_Civics,free_debate,7,2,0,1,10,16,16,1.0,False,False,False
american_socialism,Government_Civics,mad,8,1,0,1,10,16,16,1.0,True,False,True
american_socialism,Government_Civics,no_schema,4,4,0,2,10,16,16,1.0,False,True,True
american_socialism,Government_Civics,schema,8,0,0,2,10,16,16,1.0,False,False,False
animal_dissection,Education,free_debate,3,6,0,1,10,16,18,0.8888888888888888,False,False,False
animal_dissection,Education,mad,0,9,0,1,10,18,18,1.0,False,False,False
animal_dissection,Education,no_schema,3,5,0,2,10,17,18,0.9444444444444444,False,True,True
animal_dissection,Education,schema,4,0,0,1,5,16,18,0.8888888888888888,True,False,True
artificial_intelligence,Digital_Life_Science_Technology,free_debate,8,1,0,1,10,13,14,0.9285714285714286,True,True,True
artificial_intelligence,Digital_Life_Science_Technology,mad,7,2,0,1,10,13,14,0.9285714285714286,False,True,True
artificial_intelligence,Digital_Life_Science_Technology,no_schema,4,4,0,2,10,14,14,1.0,False,False,False
artificial_intelligence,Digital_Life_Science_Technology,schema,7,1,0,2,10,12,14,0.8571428571428571,True,False,True
election_day,Elections_Presidents,free_debate,4,4,1,1,10,11,11,1.0,True,False,True
election_day,Elections_Presidents,mad,3,6,0,1,10,11,11,1.0,True,False,True
election_day,Elections_Presidents,no_schema,2,6,0,2,10,10,11,0.9090909090909091,True,False,True
election_day,Elections_Presidents,schema,5,1,0,4,10,11,11,1.0,True,True,True
