topic,category,method,agent1_has_objection,agent2_has_objection,any_objection
abortion,Health_Medicine,free_debate,True,True,True
abortion,Health_Medicine,mad,False,True,True
abortion,Health_Medicine,no_schema,True,True,True
abortion,Health_Medicine,schema,False,True,True
abortion,Health_Medicine,free_debate,False,True,True
abortion,Health_Medicine,mad,False,True,True
abortion,Health_Medicine,no_schema,True,True,True
abortion,Health_Medicine,schema,False,True,True
abortion,Health_Medicine,free_debate,False,True,True
abortion,Health_Medicine,mad,True,True,True
abortion,Health_Medicine,no_schema,False,True,True
abortion,Health_Medicine,schema,True,True,True
abortion,Health_Medicine,free_debate,False,True,True
abortion,Health_Medicine,mad,False,True,True
abortion,Health_Medicine,no_schema,False,True,True
abortion,Health_Medicine,schema,False,True,True
abortion,Health_Medicine,free_debate,True,True,True
abortion,Health_Medicine,mad,False,True,True
abortion,Health_Medicine,no_schema,True,False,True
abortion,Health_Medicine,schema,True,True,True
alternative_energy,Environment_Animal_Rights,free_debate,True,False,True
alternative_energy,Environment_Animal_Rights,mad,True,True,True
alternative_energy,Environment_Animal_Rights,no_schema,True,True,True
alternative_energy,Environment_Animal_Rights,schema,True,True,True
alternative_energy,Environment_Animal_Rights,free_debate,True,True,True
alternative_energy,Environment_Animal_Rights,mad,True,True,True
alternative_energy,Environment_Animal_Rights,no_schema,True,True,True
alternative_energy,Environment_Animal_Rights,schema,True,True,True
alternative_energy,Environment_Animal_Rights,free_debate,True,False,True
alternative_energy,Environment_Animal_Rights,mad,False,True,True
alternative_energy,Environment_Animal_Rights,no_schema,True,True,True
alternative_energy,Environment_Animal_Rights,schema,True,True,True
alternative_energy,Environment_Animal_Rights,free_debate,True,True,True
alternative_energy,Environment_Animal_Rights,mad,True,True,True
alternative_energy,Environment_Animal_Rights,no_schema,True,True,True
alternative_energy,Environment_Animal_Rights,schema,True,False,True
alternative_energy,Environment_Animal_Rights,free_debate,True,True,True
alternative_energy,Environment_Animal_Rights,mad,True,True,True
alternative_energy,Environment_Animal_Rights,no_schema,True,True,True
alternative_energy,Environment_Animal_Rights,schema,True,True,True
american_socialism,Government_Civics,free_debate,True,True,True
american_socialism,Government_Civics,mad,True,True,True
american_socialism,Government_Civics,no_schema,True,True,True
american_socialism,Government_Civics,schema,True,True,True
american_socialism,Government_Civics,free_debate,True,False,True
american_socialism,Government_Civics,mad,True,True,True
american_socialism,Government_Civics,no_schema,True,True,True
american_socialism,Government_Civics,schema,True,True,True
american_socialism,Government_Civics,free_debate,True,False,True
american_socialism,Government_Civics,mad,True,False,True
american_socialism,Government_Civics,no_schema,True,True,True
american_socialism,Government_Civics,schema,True,True,True
american_socialism,Government_Civics,free_debate,True,True,True
american_socialism,Government_Civics,mad,True,True,True
american_socialism,Government_Civics,no_schema,True,True,True
american_socialism,Government_Civics,schema,True,True,True
american_socialism,Government_Civics,free_debate,True,True,True
american_socialism,Government_Civics,mad,True,False,True
american_socialism,Government_Civics,no_schema,True,True,True
american_socialism,Government_Civics,schema,True,True,True
animal_dissection,Education,free_debate,True,True,True
animal_dissection,Education,mad,True,False,True
animal_dissection,Education,no_schema,True,True,True
animal_dissection,Education,schema,True,True,True
animal_dissection,Education,free_debate,True,True,True
animal_dissection,Education,mad,True,False,True
animal_dissection,Education,no_schema,True,False,True
animal_dissection,Education,schema,True,True,True
animal_dissection,Education,free_debate,True,True,True
animal_dissection,Education,mad,True,False,True
animal_dissection,Education,no_schema,True,False,True
animal_dissection,Education,schema,True,True,True
animal_dissection,Education,free_debate,True,True,True
animal_dissection,Education,mad,True,False,True
animal_dissection,Education,no_schema,True,True,True
animal_dissection,Education,schema,True,True,True
animal_dissection,Education,free_debate,True,True,True
animal_dissection,Education,mad,True,False,True
animal_dissection,Education,no_schema,True,True,True
animal_dissection,Education,schema,True,True,True
artificial_intelligence,Digital_Life_Science_Technology,free_debate,True,True,True
artificial_intelligence,Digital_Life_Science_Technology,mad,True,True,True
artificial_intelligence,Digital_Life_Science_Technology,no_schema,True,True,True
artificial_intelligence,Digital_Life_Science_Technology,schema,True,True,True
artificial_intelligence,Digital_Life_Science_Technology,free_debate,True,True,True
artificial_intelligence,Digital_Life_Science_Technology,mad,True,True,True
artificial_intelligence,Digital_Life_Science_Technology,no_schema,True,True,True
artificial_intelligence,Digital_Life_Science_Technology,schema,True,True,True
artificial_intelligence,Digital_Life_Science_Technology,free_debate,True,True,True
artificial_intelligence,Digital_Life_Science_Technology,mad,True,True,True
artificial_intelligence,Digital_Life_Science_Technology,no_schema,True,True,True
artificial_intelligence,Digital_Life_Science_Technology,schema,True,True,True
artificial_intelligence,Digital_Life_Science_Technology,free_debate,True,True,True
artificial_intelligence,Digital_Life_Science_Technology,mad,True,False,True
artificial_intelligence,Digital_Life_Science_Technology,no_schema,True,True,True
artificial_intelligence,Digital_Life_Science_Technology,schema,True,True,True
artificial_intelligence,Digital_Life_Science_Technology,free_debate,True,False,True
artificial_intelligence,Digital_Life_Science_Technology,mad,True,False,True
artificial_intelligence,Digital_Life_Science_Technology,no_schema,True,True,True
artificial_intelligence,Digital_Life_Science_Technology,schema,True,True,True
election_day,Elections_Presidents,free_debate,True,True,True
election_day,Elections_Presidents,mad,True,True,True
election_day,Elections_Presidents,no_schema,True,False,True
election_day,Elections_Presidents,schema,True,True,True
election_day,Elections_Presidents,free_debate,False,True,True
election_day,Elections_Presidents,mad,True,False,True
election_day,Elections_Presidents,no_schema,True,True,True
election_day,Elections_Presidents,schema,True,True,True
election_day,Elections_Presidents,free_debate,True,True,True
election_day,Elections_Presidents,mad,True,False,True
election_day,Elections_Presidents,no_schema,True,True,True
election_day,Elections_Presidents,schema,True,True,True
election_day,Elections_Presidents,free_debate,True,True,True
election_day,Elections_Presidents,mad,True,False,True
election_day,Elections_Presidents,no_schema,True,False,True
election_day,Elections_Presidents,schema,True,True,True
election_day,Elections_Presidents,free_debate,True,True,True
election_day,Elections_Presidents,mad,True,False,True
election_day,Elections_Presidents,no_schema,True,True,True
election_day,Elections_Presidents,schema,True,True,True
